2023-07-08T20:18:09: Sat, 08 Jul 2023 14:48:09 GMT express-session deprecated undefined resave option; provide resave option at app.js:23:9
2023-07-08T20:18:09: Sat, 08 Jul 2023 14:48:09 GMT express-session deprecated undefined resave option; provide resave option at app.js:23:9
2023-07-08T20:18:09: Sat, 08 Jul 2023 14:48:09 GMT express-session deprecated undefined resave option; provide resave option at app.js:23:9
2023-07-08T20:18:09: Sat, 08 Jul 2023 14:48:09 GMT express-session deprecated undefined saveUninitialized option; provide saveUninitialized option at app.js:23:9
2023-07-08T20:18:09: Sat, 08 Jul 2023 14:48:09 GMT express-session deprecated undefined saveUninitialized option; provide saveUninitialized option at app.js:23:9
2023-07-08T20:18:09: Sat, 08 Jul 2023 14:48:09 GMT express-session deprecated undefined saveUninitialized option; provide saveUninitialized option at app.js:23:9
2023-07-08T20:18:10:  Connected to Database
2023-07-08T20:18:10:  Connected to Database
2023-07-08T20:18:10:  Connected to Database
2023-07-08T20:19:39: Sat, 08 Jul 2023 14:49:39 GMT express-session deprecated undefined resave option; provide resave option at app.js:23:9
2023-07-08T20:19:39: Sat, 08 Jul 2023 14:49:39 GMT express-session deprecated undefined saveUninitialized option; provide saveUninitialized option at app.js:23:9
2023-07-08T20:19:39: Sat, 08 Jul 2023 14:49:39 GMT express-session deprecated undefined resave option; provide resave option at app.js:23:9
2023-07-08T20:19:39: Sat, 08 Jul 2023 14:49:39 GMT express-session deprecated undefined saveUninitialized option; provide saveUninitialized option at app.js:23:9
2023-07-08T20:19:39: Sat, 08 Jul 2023 14:49:39 GMT express-session deprecated undefined resave option; provide resave option at app.js:23:9
2023-07-08T20:19:39: Sat, 08 Jul 2023 14:49:39 GMT express-session deprecated undefined saveUninitialized option; provide saveUninitialized option at app.js:23:9
2023-07-08T20:19:40:  Connected to Database
2023-07-08T20:19:40:  Connected to Database
2023-07-08T20:19:41:  Connected to Database
2023-07-08T20:20:07: [0mGET / [36m302 [0m159.129 ms - 56[0m
2023-07-08T20:20:08: [0mGET /login [32m200 [0m281.514 ms - 5378[0m
2023-07-08T20:20:08: [0mGET /javascripts/script.js [36m304 [0m3.464 ms - -[0m
2023-07-08T20:20:09: Handlebars: Access has been denied to resolve the property "status" because it is not an "own property" of its parent.
You can add a runtime option to disable the check or this warning:
See https://handlebarsjs.com/api-reference/runtime-options.html#options-to-control-prototype-access for details
2023-07-08T20:20:09: [0mGET /favicon.ico [33m404 [0m47.985 ms - 5116[0m
2023-07-08T20:20:11: [0mPOST /login [36m302 [0m518.277 ms - 46[0m
2023-07-08T20:20:11: undefined
2023-07-08T20:20:11: [0mGET / [32m200 [0m147.156 ms - 105048[0m
2023-07-08T20:20:11: [0mGET /javascripts/script.js [36m304 [0m3.887 ms - -[0m
2023-07-08T20:20:13: [
  {
    Name: 'REVATHY SANKAR',
    Number: '3581291478',
    Denomination: 3000,
    CNumber: 'IKT0005821',
    Rebate: 1
  },
  {
    Name: 'GOURI KRISHNA',
    Number: '3799414133',
    Denomination: 2000,
    CNumber: 'IHW0045521',
    Rebate: 1
  }
]
2023-07-08T20:20:13: [0mGET /final [36m304 [0m129.274 ms - -[0m
2023-07-08T20:20:13: [0mGET /javascripts/script.js [36m304 [0m3.346 ms - -[0m
2023-07-10T16:46:22: Mon, 10 Jul 2023 11:16:22 GMT express-session deprecated undefined resave option; provide resave option at app.js:23:9
2023-07-10T16:46:22: Mon, 10 Jul 2023 11:16:22 GMT express-session deprecated undefined resave option; provide resave option at app.js:23:9
2023-07-10T16:46:22: Mon, 10 Jul 2023 11:16:22 GMT express-session deprecated undefined resave option; provide resave option at app.js:23:9
2023-07-10T16:46:22: Mon, 10 Jul 2023 11:16:22 GMT express-session deprecated undefined saveUninitialized option; provide saveUninitialized option at app.js:23:9
2023-07-10T16:46:22: Mon, 10 Jul 2023 11:16:22 GMT express-session deprecated undefined saveUninitialized option; provide saveUninitialized option at app.js:23:9
2023-07-10T16:46:22: Mon, 10 Jul 2023 11:16:22 GMT express-session deprecated undefined saveUninitialized option; provide saveUninitialized option at app.js:23:9
2023-07-10T16:46:23:  Connected to Database
2023-07-10T16:46:23:  Connected to Database
2023-07-10T16:46:24:  Connected to Database
2023-07-10T16:49:39: [0mGET / [36m302 [0m53.913 ms - 56[0m
2023-07-10T16:49:41: [0mGET /login [32m200 [0m1036.740 ms - 5378[0m
2023-07-10T16:49:41: [0mGET /javascripts/script.js [32m200 [0m26.078 ms - 3273[0m
2023-07-10T16:49:42: Handlebars: Access has been denied to resolve the property "status" because it is not an "own property" of its parent.
You can add a runtime option to disable the check or this warning:
See https://handlebarsjs.com/api-reference/runtime-options.html#options-to-control-prototype-access for details
2023-07-10T16:49:42: [0mGET /favicon.ico [33m404 [0m42.479 ms - 5116[0m
2023-07-10T16:49:51: [0mPOST /login [36m302 [0m562.718 ms - 46[0m
2023-07-10T16:49:51: undefined
2023-07-10T16:49:51: [0mGET / [32m200 [0m135.233 ms - 105048[0m
2023-07-10T16:49:51: [0mGET /javascripts/script.js [36m304 [0m3.881 ms - -[0m
2023-07-10T16:50:15: [
  {
    Name: 'REVATHY SANKAR',
    Number: '3581291478',
    Denomination: 3000,
    CNumber: 'IKT0005821',
    Rebate: 1
  },
  {
    Name: 'GOURI KRISHNA',
    Number: '3799414133',
    Denomination: 2000,
    CNumber: 'IHW0045521',
    Rebate: 1
  }
]
2023-07-10T16:50:15: [0mGET /final [32m200 [0m130.781 ms - 11940[0m
2023-07-10T16:50:15: [0mGET /javascripts/script.js [36m304 [0m4.625 ms - -[0m
2023-07-10T16:50:19: [0mGET /finish [36m302 [0m52.566 ms - 46[0m
2023-07-10T16:50:19: undefined
2023-07-10T16:50:19: [0mGET / [36m304 [0m149.529 ms - -[0m
2023-07-10T16:50:19: [0mGET /javascripts/script.js [36m304 [0m3.385 ms - -[0m
2023-07-10T16:50:25: [0mGET /add [32m200 [0m42.668 ms - 6127[0m
2023-07-10T16:50:25: [0mGET /javascripts/script.js [36m304 [0m4.456 ms - -[0m
2023-07-10T16:52:04: [0mPOST /addAccount [36m302 [0m62.506 ms - 46[0m
2023-07-10T16:52:04: undefined
2023-07-10T16:52:04: [0mGET / [32m200 [0m133.772 ms - 105672[0m
2023-07-10T16:52:04: [0mGET /javascripts/script.js [36m304 [0m4.691 ms - -[0m
2023-07-10T16:52:10: [0mGET /add [36m304 [0m9.312 ms - -[0m
2023-07-10T16:52:11: [0mGET /javascripts/script.js [36m304 [0m3.320 ms - -[0m
2023-07-10T16:53:42: [0mPOST /addAccount [36m302 [0m43.970 ms - 46[0m
2023-07-10T16:53:42: undefined
2023-07-10T16:53:42: [0mGET / [32m200 [0m95.853 ms - 106296[0m
2023-07-10T16:53:42: [0mGET /javascripts/script.js [36m304 [0m5.868 ms - -[0m
2023-07-10T16:53:51: 269
2023-07-10T16:53:51: [
  {
    Ref_Number: '269',
    Name: 'DEEPA KALESH',
    Number: '020079693107',
    CNumber: 'IUI082477',
    Denomination: '1000'
  }
] --------------------------------
2023-07-10T16:53:51: [0mGET /?search=269 [32m200 [0m95.444 ms - 7350[0m
2023-07-10T16:53:51: [0mGET /javascripts/script.js [36m304 [0m3.519 ms - -[0m
2023-07-10T16:53:55: ------------------------- [Object: null prototype] {
  Number: '020079693107',
  Name: 'DEEPA KALESH',
  Denomination: '1000',
  Rebate: '',
  CNumber: 'IUI082477'
}
2023-07-10T16:53:55: >>>>>>>>>>>>>Details>>> [Object: null prototype] {
  Number: '020079693107',
  Name: 'DEEPA KALESH',
  Denomination: '1000',
  Rebate: '',
  CNumber: 'IUI082477'
}
2023-07-10T16:53:55: [0mPOST /addToList/ [32m200 [0m83.148 ms - 15[0m
2023-07-10T16:53:59: 270
2023-07-10T16:53:59: [
  {
    Ref_Number: '270',
    Name: 'LAUJA MATHEW',
    Number: '020079693244',
    CNumber: 'IUI082478',
    Denomination: '1000'
  }
] --------------------------------
2023-07-10T16:53:59: [0mGET /?search=270 [32m200 [0m84.465 ms - 7350[0m
2023-07-10T16:53:59: [0mGET /javascripts/script.js [36m304 [0m3.609 ms - -[0m
2023-07-10T16:54:02: ------------------------- [Object: null prototype] {
  Number: '020079693244',
  Name: 'LAUJA MATHEW',
  Denomination: '1000',
  Rebate: '',
  CNumber: 'IUI082478'
}
2023-07-10T16:54:02: >>>>>>>>>>>>>Details>>> [Object: null prototype] {
  Number: '020079693244',
  Name: 'LAUJA MATHEW',
  Denomination: '1000',
  Rebate: '',
  CNumber: 'IUI082478'
}
2023-07-10T16:54:03: [0mPOST /addToList/ [32m200 [0m84.572 ms - 15[0m
2023-07-10T16:54:10: [
  {
    Name: 'DEEPA KALESH',
    Number: '020079693107',
    Denomination: 1000,
    CNumber: 'IUI082477',
    Rebate: 1
  },
  {
    Name: 'LAUJA MATHEW',
    Number: '020079693244',
    Denomination: 1000,
    CNumber: 'IUI082478',
    Rebate: 1
  }
]
2023-07-10T16:54:10: [0mGET /final [32m200 [0m102.063 ms - 11965[0m
2023-07-10T16:54:10: [0mGET /javascripts/script.js [36m304 [0m3.370 ms - -[0m
2023-07-10T16:54:13: [0mGET /finish [36m302 [0m41.206 ms - 46[0m
2023-07-10T16:54:13: undefined
2023-07-10T16:54:13: [0mGET / [36m304 [0m84.824 ms - -[0m
2023-07-10T16:54:13: [0mGET /javascripts/script.js [36m304 [0m3.259 ms - -[0m
2023-07-10T17:01:47: [0mGET /delete [32m200 [0m39.441 ms - 5131[0m
2023-07-10T17:01:47: [0mGET /javascripts/script.js [36m304 [0m4.881 ms - -[0m
2023-07-10T17:02:08: [0mPOST /deleteAccount [36m302 [0m515.077 ms - 46[0m
2023-07-10T17:02:08: undefined
2023-07-10T17:02:08: [0mGET / [32m200 [0m118.206 ms - 105682[0m
2023-07-10T17:02:08: [0mGET /javascripts/script.js [36m304 [0m3.830 ms - -[0m
2023-07-10T17:02:12: [0mGET /delete [36m304 [0m8.247 ms - -[0m
2023-07-10T17:02:12: [0mGET /javascripts/script.js [36m304 [0m3.198 ms - -[0m
2023-07-10T17:02:32: [0mPOST /deleteAccount [36m302 [0m63.721 ms - 46[0m
2023-07-10T17:02:32: undefined
2023-07-10T17:02:33: [0mGET / [32m200 [0m147.288 ms - 105068[0m
2023-07-10T17:02:33: [0mGET /javascripts/script.js [36m304 [0m3.308 ms - -[0m
2023-07-10T17:02:38: [0mGET /delete [36m304 [0m8.297 ms - -[0m
2023-07-10T17:02:38: [0mGET /javascripts/script.js [36m304 [0m3.141 ms - -[0m
2023-07-10T17:02:58: [0mPOST /deleteAccount [36m302 [0m42.010 ms - 46[0m
2023-07-10T17:02:58: undefined
2023-07-10T17:02:58: [0mGET / [32m200 [0m85.575 ms - 104448[0m
2023-07-10T17:02:58: [0mGET /javascripts/script.js [36m304 [0m3.325 ms - -[0m
2023-07-10T17:03:01: [0mGET /delete [36m304 [0m7.501 ms - -[0m
2023-07-10T17:03:01: [0mGET /javascripts/script.js [36m304 [0m3.887 ms - -[0m
2023-07-10T17:03:19: [0mPOST /deleteAccount [36m302 [0m43.889 ms - 46[0m
2023-07-10T17:03:19: undefined
2023-07-10T17:03:19: [0mGET / [32m200 [0m86.812 ms - 103830[0m
2023-07-10T17:03:19: [0mGET /javascripts/script.js [36m304 [0m3.147 ms - -[0m
2023-07-10T17:03:22: [0mGET /delete [36m304 [0m7.455 ms - -[0m
2023-07-10T17:03:22: [0mGET /javascripts/script.js [36m304 [0m3.964 ms - -[0m
2023-07-10T17:03:41: [0mPOST /deleteAccount [36m302 [0m56.859 ms - 46[0m
2023-07-10T17:03:41: undefined
2023-07-10T17:03:41: [0mGET / [32m200 [0m85.048 ms - 103208[0m
2023-07-10T17:03:41: [0mGET /javascripts/script.js [36m304 [0m3.612 ms - -[0m
2023-07-10T17:03:54: [0mGET /delete [36m304 [0m8.408 ms - -[0m
2023-07-10T17:03:54: [0mGET /javascripts/script.js [36m304 [0m4.015 ms - -[0m
2023-07-10T17:04:20: [0mPOST /deleteAccount [36m302 [0m52.014 ms - 46[0m
2023-07-10T17:04:20: undefined
2023-07-10T17:04:20: [0mGET / [32m200 [0m113.153 ms - 102594[0m
2023-07-10T17:04:20: [0mGET /javascripts/script.js [36m304 [0m4.094 ms - -[0m
2023-07-10T17:04:26: [0mGET /delete [36m304 [0m9.189 ms - -[0m
2023-07-10T17:04:26: [0mGET /javascripts/script.js [36m304 [0m4.791 ms - -[0m
2023-07-10T17:04:39: [0mPOST /deleteAccount [36m302 [0m39.765 ms - 46[0m
2023-07-10T17:04:39: undefined
2023-07-10T17:04:39: [0mGET / [36m304 [0m85.941 ms - -[0m
2023-07-10T17:04:39: [0mGET /javascripts/script.js [36m304 [0m3.652 ms - -[0m
2023-07-10T17:04:43: [0mGET /delete [36m304 [0m7.548 ms - -[0m
2023-07-10T17:04:43: [0mGET /javascripts/script.js [36m304 [0m3.055 ms - -[0m
2023-07-10T17:05:03: [0mPOST /deleteAccount [36m302 [0m45.490 ms - 46[0m
2023-07-10T17:05:03: undefined
2023-07-10T17:05:03: [0mGET / [32m200 [0m96.163 ms - 101978[0m
2023-07-10T17:05:04: [0mGET /javascripts/script.js [36m304 [0m3.074 ms - -[0m
2023-07-10T17:05:59: [0mGET /delete [36m304 [0m11.518 ms - -[0m
2023-07-10T17:05:59: [0mGET /javascripts/script.js [36m304 [0m4.910 ms - -[0m
2023-07-10T17:06:15: [0mPOST /deleteAccount [36m302 [0m42.191 ms - 46[0m
2023-07-10T17:06:15: undefined
2023-07-10T17:06:15: [0mGET / [32m200 [0m85.374 ms - 101358[0m
2023-07-10T17:06:15: [0mGET /javascripts/script.js [36m304 [0m3.133 ms - -[0m
2023-07-10T17:07:39: 112
2023-07-10T17:07:39: [
  {
    Number: '4142655715',
    Name: 'AMRUTHA RACHELABRAHAM',
    Denomination: '3000',
    CNumber: 'IHW004560',
    Ref_Number: '112'
  }
] --------------------------------
2023-07-10T17:07:39: [0mGET /?search=112 [32m200 [0m87.317 ms - 7364[0m
2023-07-10T17:07:39: [0mGET /javascripts/script.js [36m304 [0m4.063 ms - -[0m
2023-07-10T17:07:41: ------------------------- [Object: null prototype] {
  Number: '4142655715',
  Name: 'AMRUTHA RACHELABRAHAM',
  Denomination: '3000',
  Rebate: '',
  CNumber: 'IHW004560'
}
2023-07-10T17:07:41: >>>>>>>>>>>>>Details>>> [Object: null prototype] {
  Number: '4142655715',
  Name: 'AMRUTHA RACHELABRAHAM',
  Denomination: '3000',
  Rebate: '',
  CNumber: 'IHW004560'
}
2023-07-10T17:07:41: [0mPOST /addToList/ [32m200 [0m86.918 ms - 15[0m
2023-07-10T17:07:49: 114
2023-07-10T17:07:49: [
  {
    Number: '4142670305',
    Name: 'ASHOK KUMAR C V',
    Denomination: '1000',
    CNumber: 'IHW004562',
    Ref_Number: '114'
  }
] --------------------------------
2023-07-10T17:07:49: [0mGET /?search=114 [32m200 [0m92.502 ms - 7352[0m
2023-07-10T17:07:49: [0mGET /javascripts/script.js [36m304 [0m3.089 ms - -[0m
2023-07-10T17:07:50: ------------------------- [Object: null prototype] {
  Number: '4142670305',
  Name: 'ASHOK KUMAR C V',
  Denomination: '1000',
  Rebate: '',
  CNumber: 'IHW004562'
}
2023-07-10T17:07:50: >>>>>>>>>>>>>Details>>> [Object: null prototype] {
  Number: '4142670305',
  Name: 'ASHOK KUMAR C V',
  Denomination: '1000',
  Rebate: '',
  CNumber: 'IHW004562'
}
2023-07-10T17:07:51: [0mPOST /addToList/ [32m200 [0m80.885 ms - 15[0m
2023-07-10T17:07:56: 127
2023-07-10T17:07:56: [
  {
    Number: '4252313499',
    Name: 'MEENU D',
    Denomination: '3000',
    CNumber: 'IHW004575',
    Ref_Number: '127'
  }
] --------------------------------
2023-07-10T17:07:56: [0mGET /?search=127 [32m200 [0m92.831 ms - 7336[0m
2023-07-10T17:07:56: [0mGET /javascripts/script.js [36m304 [0m3.193 ms - -[0m
2023-07-10T17:07:59: ------------------------- [Object: null prototype] {
  Number: '4252313499',
  Name: 'MEENU D',
  Denomination: '3000',
  Rebate: '',
  CNumber: 'IHW004575'
}
2023-07-10T17:07:59: >>>>>>>>>>>>>Details>>> [Object: null prototype] {
  Number: '4252313499',
  Name: 'MEENU D',
  Denomination: '3000',
  Rebate: '',
  CNumber: 'IHW004575'
}
2023-07-10T17:07:59: [0mPOST /addToList/ [32m200 [0m76.899 ms - 15[0m
2023-07-10T17:08:06: 128
2023-07-10T17:08:06: [
  {
    Number: '4255215899',
    Name: 'RINUMOL NAZAR',
    Denomination: '1000',
    CNumber: 'IHW004576',
    Ref_Number: '128'
  }
] --------------------------------
2023-07-10T17:08:06: [0mGET /?search=128 [32m200 [0m89.566 ms - 7348[0m
2023-07-10T17:08:06: [0mGET /javascripts/script.js [36m304 [0m3.051 ms - -[0m
2023-07-10T17:08:10: ------------------------- [Object: null prototype] {
  Number: '4255215899',
  Name: 'RINUMOL NAZAR',
  Denomination: '1000',
  Rebate: '',
  CNumber: 'IHW004576'
}
2023-07-10T17:08:10: >>>>>>>>>>>>>Details>>> [Object: null prototype] {
  Number: '4255215899',
  Name: 'RINUMOL NAZAR',
  Denomination: '1000',
  Rebate: '',
  CNumber: 'IHW004576'
}
2023-07-10T17:08:10: [0mPOST /addToList/ [32m200 [0m80.625 ms - 15[0m
2023-07-10T17:08:17: 129
2023-07-10T17:08:17: [
  {
    Number: '4255220367',
    Name: 'ASHOK KUMAR C V',
    Denomination: '1000',
    CNumber: 'IHW004577',
    Ref_Number: '129'
  }
] --------------------------------
2023-07-10T17:08:17: [0mGET /?search=129 [32m200 [0m94.947 ms - 7352[0m
2023-07-10T17:08:17: [0mGET /javascripts/script.js [36m304 [0m3.107 ms - -[0m
2023-07-10T17:08:20: ------------------------- [Object: null prototype] {
  Number: '4255220367',
  Name: 'ASHOK KUMAR C V',
  Denomination: '1000',
  Rebate: '',
  CNumber: 'IHW004577'
}
2023-07-10T17:08:20: >>>>>>>>>>>>>Details>>> [Object: null prototype] {
  Number: '4255220367',
  Name: 'ASHOK KUMAR C V',
  Denomination: '1000',
  Rebate: '',
  CNumber: 'IHW004577'
}
2023-07-10T17:08:20: [0mPOST /addToList/ [32m200 [0m75.870 ms - 15[0m
2023-07-10T17:08:25: 133
2023-07-10T17:08:25: [
  {
    Number: '4297583147',
    Name: 'RAJAN V B',
    Denomination: '1500',
    CNumber: 'IHW004581',
    Ref_Number: '133'
  }
] --------------------------------
2023-07-10T17:08:25: [0mGET /?search=133 [32m200 [0m82.413 ms - 7340[0m
2023-07-10T17:08:25: [0mGET /javascripts/script.js [36m304 [0m4.456 ms - -[0m
2023-07-10T17:08:28: ------------------------- [Object: null prototype] {
  Number: '4297583147',
  Name: 'RAJAN V B',
  Denomination: '1500',
  Rebate: '',
  CNumber: 'IHW004581'
}
2023-07-10T17:08:28: >>>>>>>>>>>>>Details>>> [Object: null prototype] {
  Number: '4297583147',
  Name: 'RAJAN V B',
  Denomination: '1500',
  Rebate: '',
  CNumber: 'IHW004581'
}
2023-07-10T17:08:28: [0mPOST /addToList/ [32m200 [0m92.985 ms - 15[0m
2023-07-10T17:08:34: 134
2023-07-10T17:08:34: [
  {
    Number: '4297591241',
    Name: 'PEETHAMBARAN K M',
    Denomination: '1000',
    CNumber: 'IHW004582',
    Ref_Number: '134'
  }
] --------------------------------
2023-07-10T17:08:34: [0mGET /?search=134 [32m200 [0m84.382 ms - 7354[0m
2023-07-10T17:08:34: [0mGET /javascripts/script.js [36m304 [0m3.037 ms - -[0m
2023-07-10T17:08:36: ------------------------- [Object: null prototype] {
  Number: '4297591241',
  Name: 'PEETHAMBARAN K M',
  Denomination: '1000',
  Rebate: '',
  CNumber: 'IHW004582'
}
2023-07-10T17:08:36: >>>>>>>>>>>>>Details>>> [Object: null prototype] {
  Number: '4297591241',
  Name: 'PEETHAMBARAN K M',
  Denomination: '1000',
  Rebate: '',
  CNumber: 'IHW004582'
}
2023-07-10T17:08:36: [0mPOST /addToList/ [32m200 [0m78.272 ms - 15[0m
2023-07-10T17:08:43: 155
2023-07-10T17:08:43: [
  {
    Number: '4574943022',
    Name: 'LAKSHMI MOHAN',
    Denomination: '1000',
    CNumber: 'ITK070154',
    Ref_Number: '155'
  }
] --------------------------------
2023-07-10T17:08:43: [0mGET /?search=155 [32m200 [0m82.382 ms - 7348[0m
2023-07-10T17:08:43: [0mGET /javascripts/script.js [36m304 [0m3.654 ms - -[0m
2023-07-10T17:08:44: ------------------------- [Object: null prototype] {
  Number: '4574943022',
  Name: 'LAKSHMI MOHAN',
  Denomination: '1000',
  Rebate: '',
  CNumber: 'ITK070154'
}
2023-07-10T17:08:44: >>>>>>>>>>>>>Details>>> [Object: null prototype] {
  Number: '4574943022',
  Name: 'LAKSHMI MOHAN',
  Denomination: '1000',
  Rebate: '',
  CNumber: 'ITK070154'
}
2023-07-10T17:08:45: [0mPOST /addToList/ [32m200 [0m114.958 ms - 15[0m
2023-07-10T17:08:49: 160
2023-07-10T17:08:49: [
  {
    Number: '4610088915',
    Name: 'NEENU GEORGE',
    Denomination: '2000',
    CNumber: 'ITL070159',
    Ref_Number: '160'
  }
] --------------------------------
2023-07-10T17:08:49: [0mGET /?search=160 [32m200 [0m91.753 ms - 7346[0m
2023-07-10T17:08:49: [0mGET /javascripts/script.js [36m304 [0m3.499 ms - -[0m
2023-07-10T17:08:51: ------------------------- [Object: null prototype] {
  Number: '4610088915',
  Name: 'NEENU GEORGE',
  Denomination: '2000',
  Rebate: '',
  CNumber: 'ITL070159'
}
2023-07-10T17:08:51: >>>>>>>>>>>>>Details>>> [Object: null prototype] {
  Number: '4610088915',
  Name: 'NEENU GEORGE',
  Denomination: '2000',
  Rebate: '',
  CNumber: 'ITL070159'
}
2023-07-10T17:08:51: [0mPOST /addToList/ [32m200 [0m78.281 ms - 15[0m
2023-07-10T17:08:55: 172
2023-07-10T17:08:55: [
  {
    Number: '4710626802',
    Name: 'ARAVIND R',
    Denomination: '5000',
    CNumber: 'ITK070173',
    Ref_Number: '172'
  }
] --------------------------------
2023-07-10T17:08:55: [0mGET /?search=172 [32m200 [0m94.594 ms - 7340[0m
2023-07-10T17:08:55: [0mGET /javascripts/script.js [36m304 [0m3.058 ms - -[0m
2023-07-10T17:08:57: ------------------------- [Object: null prototype] {
  Number: '4710626802',
  Name: 'ARAVIND R',
  Denomination: '5000',
  Rebate: '',
  CNumber: 'ITK070173'
}
2023-07-10T17:08:57: >>>>>>>>>>>>>Details>>> [Object: null prototype] {
  Number: '4710626802',
  Name: 'ARAVIND R',
  Denomination: '5000',
  Rebate: '',
  CNumber: 'ITK070173'
}
2023-07-10T17:08:57: [0mPOST /addToList/ [32m200 [0m79.834 ms - 15[0m
2023-07-10T17:09:02: 175
2023-07-10T17:09:02: [
  {
    Number: '4760995231',
    Name: 'SUNIL JOSEPH',
    Denomination: '500',
    CNumber: 'ITK070176',
    Ref_Number: '175'
  }
] --------------------------------
2023-07-10T17:09:02: [0mGET /?search=175 [32m200 [0m83.582 ms - 7344[0m
2023-07-10T17:09:02: [0mGET /javascripts/script.js [36m304 [0m3.076 ms - -[0m
2023-07-10T17:09:03: ------------------------- [Object: null prototype] {
  Number: '4760995231',
  Name: 'SUNIL JOSEPH',
  Denomination: '500',
  Rebate: '',
  CNumber: 'ITK070176'
}
2023-07-10T17:09:03: >>>>>>>>>>>>>Details>>> [Object: null prototype] {
  Number: '4760995231',
  Name: 'SUNIL JOSEPH',
  Denomination: '500',
  Rebate: '',
  CNumber: 'ITK070176'
}
2023-07-10T17:09:03: [0mPOST /addToList/ [32m200 [0m77.309 ms - 15[0m
2023-07-10T17:09:10: [
  {
    Name: 'AMRUTHA RACHELABRAHAM',
    Number: '4142655715',
    Denomination: 3000,
    CNumber: 'IHW004560',
    Rebate: 1
  },
  {
    Name: 'ASHOK KUMAR C V',
    Number: '4142670305',
    Denomination: 1000,
    CNumber: 'IHW004562',
    Rebate: 1
  },
  {
    Name: 'MEENU D',
    Number: '4252313499',
    Denomination: 3000,
    CNumber: 'IHW004575',
    Rebate: 1
  },
  {
    Name: 'RINUMOL NAZAR',
    Number: '4255215899',
    Denomination: 1000,
    CNumber: 'IHW004576',
    Rebate: 1
  },
  {
    Name: 'ASHOK KUMAR C V',
    Number: '4255220367',
    Denomination: 1000,
    CNumber: 'IHW004577',
    Rebate: 1
  },
  {
    Name: 'RAJAN V B',
    Number: '4297583147',
    Denomination: 1500,
    CNumber: 'IHW004581',
    Rebate: 1
  },
  {
    Name: 'PEETHAMBARAN K M',
    Number: '4297591241',
    Denomination: 1000,
    CNumber: 'IHW004582',
    Rebate: 1
  },
  {
    Name: 'LAKSHMI MOHAN',
    Number: '4574943022',
    Denomination: 1000,
    CNumber: 'ITK070154',
    Rebate: 1
  },
  {
    Name: 'NEENU GEORGE',
    Number: '4610088915',
    Denomination: 2000,
    CNumber: 'ITL070159',
    Rebate: 1
  },
  {
    Name: 'ARAVIND R',
    Number: '4710626802',
    Denomination: 5000,
    CNumber: 'ITK070173',
    Rebate: 1
  },
  {
    Name: 'SUNIL JOSEPH',
    Number: '4760995231',
    Denomination: 500,
    CNumber: 'ITK070176',
    Rebate: 1
  }
]
2023-07-10T17:09:10: [0mGET /final [32m200 [0m89.699 ms - 24679[0m
2023-07-10T17:09:10: [0mGET /javascripts/script.js [36m304 [0m3.898 ms - -[0m
2023-07-10T17:10:55: [0mGET /genarateList [32m200 [0m92118.174 ms - 16[0m
2023-07-10T17:13:41: [
  {
    Name: 'AMRUTHA RACHELABRAHAM',
    Number: '4142655715',
    Denomination: 3000,
    CNumber: 'IHW004560',
    Rebate: 1
  },
  {
    Name: 'ASHOK KUMAR C V',
    Number: '4142670305',
    Denomination: 1000,
    CNumber: 'IHW004562',
    Rebate: 1
  },
  {
    Name: 'MEENU D',
    Number: '4252313499',
    Denomination: 3000,
    CNumber: 'IHW004575',
    Rebate: 1
  },
  {
    Name: 'RINUMOL NAZAR',
    Number: '4255215899',
    Denomination: 1000,
    CNumber: 'IHW004576',
    Rebate: 1
  },
  {
    Name: 'ASHOK KUMAR C V',
    Number: '4255220367',
    Denomination: 1000,
    CNumber: 'IHW004577',
    Rebate: 1
  },
  {
    Name: 'RAJAN V B',
    Number: '4297583147',
    Denomination: 1500,
    CNumber: 'IHW004581',
    Rebate: 1
  },
  {
    Name: 'PEETHAMBARAN K M',
    Number: '4297591241',
    Denomination: 1000,
    CNumber: 'IHW004582',
    Rebate: 1
  },
  {
    Name: 'LAKSHMI MOHAN',
    Number: '4574943022',
    Denomination: 1000,
    CNumber: 'ITK070154',
    Rebate: 1
  },
  {
    Name: 'NEENU GEORGE',
    Number: '4610088915',
    Denomination: 2000,
    CNumber: 'ITL070159',
    Rebate: 1
  },
  {
    Name: 'ARAVIND R',
    Number: '4710626802',
    Denomination: 5000,
    CNumber: 'ITK070173',
    Rebate: 1
  },
  {
    Name: 'SUNIL JOSEPH',
    Number: '4760995231',
    Denomination: 500,
    CNumber: 'ITK070176',
    Rebate: 1
  }
]
2023-07-10T17:13:41: [0mGET /final [36m304 [0m713.659 ms - -[0m
2023-07-10T17:13:41: [0mGET /javascripts/script.js [36m304 [0m4.525 ms - -[0m
2023-07-10T17:13:44: [0mGET /finish [36m302 [0m46.930 ms - 46[0m
2023-07-10T17:13:44: undefined
2023-07-10T17:13:44: [0mGET / [36m304 [0m108.153 ms - -[0m
2023-07-10T17:13:44: [0mGET /javascripts/script.js [36m304 [0m3.002 ms - -[0m
2023-07-10T17:13:53: 177
2023-07-10T17:13:53: [
  {
    Number: '4809446557',
    Name: 'SEENA VARGHESE',
    Denomination: '2000',
    CNumber: 'ITK070179',
    Ref_Number: '177'
  }
] --------------------------------
2023-07-10T17:13:53: [0mGET /?search=177 [32m200 [0m98.630 ms - 7350[0m
2023-07-10T17:13:53: [0mGET /javascripts/script.js [36m304 [0m3.033 ms - -[0m
2023-07-10T17:13:55: ------------------------- [Object: null prototype] {
  Number: '4809446557',
  Name: 'SEENA VARGHESE',
  Denomination: '2000',
  Rebate: '',
  CNumber: 'ITK070179'
}
2023-07-10T17:13:55: >>>>>>>>>>>>>Details>>> [Object: null prototype] {
  Number: '4809446557',
  Name: 'SEENA VARGHESE',
  Denomination: '2000',
  Rebate: '',
  CNumber: 'ITK070179'
}
2023-07-10T17:13:55: [0mPOST /addToList/ [32m200 [0m95.888 ms - 15[0m
2023-07-10T17:14:01: 178
2023-07-10T17:14:01: [
  {
    Number: '4809458970',
    Name: 'NIZAR T M',
    Denomination: '1000',
    CNumber: 'ITK070180',
    Ref_Number: '178'
  }
] --------------------------------
2023-07-10T17:14:01: [0mGET /?search=178 [32m200 [0m99.591 ms - 7340[0m
2023-07-10T17:14:01: [0mGET /javascripts/script.js [36m304 [0m3.339 ms - -[0m
2023-07-10T17:14:03: ------------------------- [Object: null prototype] {
  Number: '4809458970',
  Name: 'NIZAR T M',
  Denomination: '1000',
  Rebate: '',
  CNumber: 'ITK070180'
}
2023-07-10T17:14:03: >>>>>>>>>>>>>Details>>> [Object: null prototype] {
  Number: '4809458970',
  Name: 'NIZAR T M',
  Denomination: '1000',
  Rebate: '',
  CNumber: 'ITK070180'
}
2023-07-10T17:14:03: [0mPOST /addToList/ [32m200 [0m93.472 ms - 15[0m
2023-07-10T17:14:08: 179
2023-07-10T17:14:08: [
  {
    Number: '4809462229',
    Name: 'OMANA JACOB',
    Denomination: '7000',
    CNumber: 'ITK070181',
    Ref_Number: '179'
  }
] --------------------------------
2023-07-10T17:14:08: [0mGET /?search=179 [32m200 [0m100.179 ms - 7344[0m
2023-07-10T17:14:08: [0mGET /javascripts/script.js [36m304 [0m3.223 ms - -[0m
2023-07-10T17:14:10: ------------------------- [Object: null prototype] {
  Number: '4809462229',
  Name: 'OMANA JACOB',
  Denomination: '7000',
  Rebate: '',
  CNumber: 'ITK070181'
}
2023-07-10T17:14:10: >>>>>>>>>>>>>Details>>> [Object: null prototype] {
  Number: '4809462229',
  Name: 'OMANA JACOB',
  Denomination: '7000',
  Rebate: '',
  CNumber: 'ITK070181'
}
2023-07-10T17:14:10: [0mPOST /addToList/ [32m200 [0m84.360 ms - 15[0m
2023-07-10T17:14:14: 180
2023-07-10T17:14:14: [
  {
    Number: '4834476956',
    Name: 'SUBAIDA P P',
    Denomination: '2000',
    CNumber: 'ITK070182',
    Ref_Number: '180'
  }
] --------------------------------
2023-07-10T17:14:14: [0mGET /?search=180 [32m200 [0m91.890 ms - 7344[0m
2023-07-10T17:14:14: [0mGET /javascripts/script.js [36m304 [0m3.022 ms - -[0m
2023-07-10T17:14:16: ------------------------- [Object: null prototype] {
  Number: '4834476956',
  Name: 'SUBAIDA P P',
  Denomination: '2000',
  Rebate: '',
  CNumber: 'ITK070182'
}
2023-07-10T17:14:16: >>>>>>>>>>>>>Details>>> [Object: null prototype] {
  Number: '4834476956',
  Name: 'SUBAIDA P P',
  Denomination: '2000',
  Rebate: '',
  CNumber: 'ITK070182'
}
2023-07-10T17:14:16: [0mPOST /addToList/ [32m200 [0m88.166 ms - 15[0m
2023-07-10T17:14:22: 182
2023-07-10T17:14:22: [
  {
    Number: '4859753568',
    Name: 'GNANAPRAKASH',
    Denomination: '1000',
    CNumber: 'ITK070184',
    Ref_Number: '182'
  }
] --------------------------------
2023-07-10T17:14:22: [0mGET /?search=182 [32m200 [0m94.529 ms - 7346[0m
2023-07-10T17:14:22: [0mGET /javascripts/script.js [36m304 [0m2.597 ms - -[0m
2023-07-10T17:14:24: ------------------------- [Object: null prototype] {
  Number: '4859753568',
  Name: 'GNANAPRAKASH',
  Denomination: '1000',
  Rebate: '',
  CNumber: 'ITK070184'
}
2023-07-10T17:14:24: >>>>>>>>>>>>>Details>>> [Object: null prototype] {
  Number: '4859753568',
  Name: 'GNANAPRAKASH',
  Denomination: '1000',
  Rebate: '',
  CNumber: 'ITK070184'
}
2023-07-10T17:14:25: [0mPOST /addToList/ [32m200 [0m97.744 ms - 15[0m
2023-07-10T17:14:30: 196
2023-07-10T17:14:30: [
  {
    Number: '020002890469',
    Name: 'JAYAMOL VJ',
    Denomination: '7000',
    CNumber: 'ITK070198',
    Ref_Number: '196'
  }
] --------------------------------
2023-07-10T17:14:30: [0mGET /?search=196 [32m200 [0m90.738 ms - 7346[0m
2023-07-10T17:14:30: [0mGET /javascripts/script.js [36m304 [0m2.937 ms - -[0m
2023-07-10T17:14:38: ------------------------- [Object: null prototype] {
  Number: '020002890469',
  Name: 'JAYAMOL VJ',
  Denomination: '7000',
  Rebate: '',
  CNumber: 'ITK070198'
}
2023-07-10T17:14:38: >>>>>>>>>>>>>Details>>> [Object: null prototype] {
  Number: '020002890469',
  Name: 'JAYAMOL VJ',
  Denomination: '7000',
  Rebate: '',
  CNumber: 'ITK070198'
}
2023-07-10T17:14:38: [0mPOST /addToList/ [32m200 [0m87.532 ms - 15[0m
2023-07-10T17:14:54: [
  {
    Name: 'JAYAMOL VJ',
    Number: '020002890469',
    Denomination: 7000,
    CNumber: 'ITK070198',
    Rebate: 1
  },
  {
    Name: 'SEENA VARGHESE',
    Number: '4809446557',
    Denomination: 2000,
    CNumber: 'ITK070179',
    Rebate: 1
  },
  {
    Name: 'NIZAR T M',
    Number: '4809458970',
    Denomination: 1000,
    CNumber: 'ITK070180',
    Rebate: 1
  },
  {
    Name: 'OMANA JACOB',
    Number: '4809462229',
    Denomination: 7000,
    CNumber: 'ITK070181',
    Rebate: 1
  },
  {
    Name: 'SUBAIDA P P',
    Number: '4834476956',
    Denomination: 2000,
    CNumber: 'ITK070182',
    Rebate: 1
  },
  {
    Name: 'GNANAPRAKASH',
    Number: '4859753568',
    Denomination: 1000,
    CNumber: 'ITK070184',
    Rebate: 1
  }
]
2023-07-10T17:14:54: [0mGET /final [32m200 [0m103.950 ms - 17605[0m
2023-07-10T17:14:54: [0mGET /javascripts/script.js [36m304 [0m3.140 ms - -[0m
2023-07-10T17:16:35: [0mGET /genarateList [32m200 [0m80144.782 ms - 16[0m
2023-07-10T17:17:47: [
  {
    Name: 'JAYAMOL VJ',
    Number: '020002890469',
    Denomination: 7000,
    CNumber: 'ITK070198',
    Rebate: 1
  },
  {
    Name: 'SEENA VARGHESE',
    Number: '4809446557',
    Denomination: 2000,
    CNumber: 'ITK070179',
    Rebate: 1
  },
  {
    Name: 'NIZAR T M',
    Number: '4809458970',
    Denomination: 1000,
    CNumber: 'ITK070180',
    Rebate: 1
  },
  {
    Name: 'OMANA JACOB',
    Number: '4809462229',
    Denomination: 7000,
    CNumber: 'ITK070181',
    Rebate: 1
  },
  {
    Name: 'SUBAIDA P P',
    Number: '4834476956',
    Denomination: 2000,
    CNumber: 'ITK070182',
    Rebate: 1
  },
  {
    Name: 'GNANAPRAKASH',
    Number: '4859753568',
    Denomination: 1000,
    CNumber: 'ITK070184',
    Rebate: 1
  }
]
2023-07-10T17:17:47: [0mGET /final [36m304 [0m513.270 ms - -[0m
2023-07-10T17:17:48: [0mGET /javascripts/script.js [36m304 [0m4.429 ms - -[0m
2023-07-10T17:17:50: [0mGET /finish [36m302 [0m43.967 ms - 46[0m
2023-07-10T17:17:50: undefined
2023-07-10T17:17:50: [0mGET / [36m304 [0m91.626 ms - -[0m
2023-07-10T17:17:50: [0mGET /javascripts/script.js [36m304 [0m2.766 ms - -[0m
2023-07-10T17:18:05: 184
2023-07-10T17:18:05: [
  {
    Number: '4885621077',
    Name: 'DEENA JINSON',
    Denomination: '2000',
    CNumber: 'ITK070186',
    Ref_Number: '184'
  }
] --------------------------------
2023-07-10T17:18:05: [0mGET /?search=184 [32m200 [0m97.036 ms - 7346[0m
2023-07-10T17:18:05: [0mGET /javascripts/script.js [36m304 [0m4.127 ms - -[0m
2023-07-10T17:18:09: ------------------------- [Object: null prototype] {
  Number: '4885621077',
  Name: 'DEENA JINSON',
  Denomination: '2000',
  Rebate: '',
  CNumber: 'ITK070186'
}
2023-07-10T17:18:09: >>>>>>>>>>>>>Details>>> [Object: null prototype] {
  Number: '4885621077',
  Name: 'DEENA JINSON',
  Denomination: '2000',
  Rebate: '',
  CNumber: 'ITK070186'
}
2023-07-10T17:18:09: [0mPOST /addToList/ [32m200 [0m89.584 ms - 15[0m
2023-07-10T17:18:15: 191
2023-07-10T17:18:15: [
  {
    Number: '4950597061',
    Name: 'ANITHAMOL C T',
    Denomination: '1000',
    CNumber: 'ITK070193',
    Ref_Number: '191'
  }
] --------------------------------
2023-07-10T17:18:15: [0mGET /?search=191 [32m200 [0m88.970 ms - 7348[0m
2023-07-10T17:18:15: [0mGET /javascripts/script.js [36m304 [0m2.985 ms - -[0m
2023-07-10T17:18:17: ------------------------- [Object: null prototype] {
  Number: '4950597061',
  Name: 'ANITHAMOL C T',
  Denomination: '1000',
  Rebate: '',
  CNumber: 'ITK070193'
}
2023-07-10T17:18:17: >>>>>>>>>>>>>Details>>> [Object: null prototype] {
  Number: '4950597061',
  Name: 'ANITHAMOL C T',
  Denomination: '1000',
  Rebate: '',
  CNumber: 'ITK070193'
}
2023-07-10T17:18:17: [0mPOST /addToList/ [32m200 [0m82.713 ms - 15[0m
2023-07-10T17:18:22: 193
2023-07-10T17:18:22: [
  {
    Number: '020000416749',
    Name: 'PRIYA LAKSHMI',
    Denomination: '10000',
    CNumber: 'ITK070195',
    Ref_Number: '193'
  }
] --------------------------------
2023-07-10T17:18:22: [0mGET /?search=193 [32m200 [0m86.641 ms - 7354[0m
2023-07-10T17:18:22: [0mGET /javascripts/script.js [36m304 [0m2.646 ms - -[0m
2023-07-10T17:18:26: ------------------------- [Object: null prototype] {
  Number: '020000416749',
  Name: 'PRIYA LAKSHMI',
  Denomination: '10000',
  Rebate: '',
  CNumber: 'ITK070195'
}
2023-07-10T17:18:26: >>>>>>>>>>>>>Details>>> [Object: null prototype] {
  Number: '020000416749',
  Name: 'PRIYA LAKSHMI',
  Denomination: '10000',
  Rebate: '',
  CNumber: 'ITK070195'
}
2023-07-10T17:18:26: [0mPOST /addToList/ [32m200 [0m83.411 ms - 15[0m
2023-07-10T17:18:33: 201
2023-07-10T17:18:33: [
  {
    Ref_Number: '201',
    Name: 'BALURAJ P T',
    Number: '020011621113',
    CNumber: 'ITK070206',
    Denomination: '1000'
  }
] --------------------------------
2023-07-10T17:18:33: [0mGET /?search=201 [32m200 [0m92.430 ms - 7348[0m
2023-07-10T17:18:33: [0mGET /javascripts/script.js [36m304 [0m3.194 ms - -[0m
2023-07-10T17:18:35: ------------------------- [Object: null prototype] {
  Number: '020011621113',
  Name: 'BALURAJ P T',
  Denomination: '1000',
  Rebate: '',
  CNumber: 'ITK070206'
}
2023-07-10T17:18:35: >>>>>>>>>>>>>Details>>> [Object: null prototype] {
  Number: '020011621113',
  Name: 'BALURAJ P T',
  Denomination: '1000',
  Rebate: '',
  CNumber: 'ITK070206'
}
2023-07-10T17:18:35: [0mPOST /addToList/ [32m200 [0m99.797 ms - 15[0m
2023-07-10T17:18:40: 202
2023-07-10T17:18:40: [
  {
    Ref_Number: '202',
    Name: 'GREESHMA SOMAN',
    Number: '020012496446',
    CNumber: 'ITK070207',
    Denomination: '1000'
  }
] --------------------------------
2023-07-10T17:18:40: [0mGET /?search=202 [32m200 [0m96.416 ms - 7354[0m
2023-07-10T17:18:40: [0mGET /javascripts/script.js [36m304 [0m3.081 ms - -[0m
2023-07-10T17:18:42: ------------------------- [Object: null prototype] {
  Number: '020012496446',
  Name: 'GREESHMA SOMAN',
  Denomination: '1000',
  Rebate: '',
  CNumber: 'ITK070207'
}
2023-07-10T17:18:42: >>>>>>>>>>>>>Details>>> [Object: null prototype] {
  Number: '020012496446',
  Name: 'GREESHMA SOMAN',
  Denomination: '1000',
  Rebate: '',
  CNumber: 'ITK070207'
}
2023-07-10T17:18:42: [0mPOST /addToList/ [32m200 [0m79.080 ms - 15[0m
2023-07-10T17:18:48: 203
2023-07-10T17:18:48: [
  {
    Ref_Number: '203',
    Name: 'BINUMOL N',
    Number: '020013078500',
    CNumber: 'ITK070208',
    Denomination: '5000'
  }
] --------------------------------
2023-07-10T17:18:48: [0mGET /?search=203 [32m200 [0m135.044 ms - 7344[0m
2023-07-10T17:18:48: [0mGET /javascripts/script.js [36m304 [0m3.615 ms - -[0m
2023-07-10T17:18:50: ------------------------- [Object: null prototype] {
  Number: '020013078500',
  Name: 'BINUMOL N',
  Denomination: '5000',
  Rebate: '',
  CNumber: 'ITK070208'
}
2023-07-10T17:18:50: >>>>>>>>>>>>>Details>>> [Object: null prototype] {
  Number: '020013078500',
  Name: 'BINUMOL N',
  Denomination: '5000',
  Rebate: '',
  CNumber: 'ITK070208'
}
2023-07-10T17:18:50: [0mPOST /addToList/ [32m200 [0m87.115 ms - 15[0m
2023-07-10T17:18:56: [
  {
    Name: 'PRIYA LAKSHMI',
    Number: '020000416749',
    Denomination: 10000,
    CNumber: 'ITK070195',
    Rebate: 1
  },
  {
    Name: 'BALURAJ P T',
    Number: '020011621113',
    Denomination: 1000,
    CNumber: 'ITK070206',
    Rebate: 1
  },
  {
    Name: 'GREESHMA SOMAN',
    Number: '020012496446',
    Denomination: 1000,
    CNumber: 'ITK070207',
    Rebate: 1
  },
  {
    Name: 'BINUMOL N',
    Number: '020013078500',
    Denomination: 5000,
    CNumber: 'ITK070208',
    Rebate: 1
  },
  {
    Name: 'DEENA JINSON',
    Number: '4885621077',
    Denomination: 2000,
    CNumber: 'ITK070186',
    Rebate: 1
  },
  {
    Name: 'ANITHAMOL C T',
    Number: '4950597061',
    Denomination: 1000,
    CNumber: 'ITK070193',
    Rebate: 1
  }
]
2023-07-10T17:18:56: [0mGET /final [32m200 [0m107.862 ms - 17659[0m
2023-07-10T17:18:56: [0mGET /javascripts/script.js [36m304 [0m3.082 ms - -[0m
2023-07-10T17:20:24: [0mGET /genarateList [32m200 [0m68195.710 ms - 16[0m
2023-07-10T17:21:19: [
  {
    Name: 'PRIYA LAKSHMI',
    Number: '020000416749',
    Denomination: 10000,
    CNumber: 'ITK070195',
    Rebate: 1
  },
  {
    Name: 'BALURAJ P T',
    Number: '020011621113',
    Denomination: 1000,
    CNumber: 'ITK070206',
    Rebate: 1
  },
  {
    Name: 'GREESHMA SOMAN',
    Number: '020012496446',
    Denomination: 1000,
    CNumber: 'ITK070207',
    Rebate: 1
  },
  {
    Name: 'BINUMOL N',
    Number: '020013078500',
    Denomination: 5000,
    CNumber: 'ITK070208',
    Rebate: 1
  },
  {
    Name: 'DEENA JINSON',
    Number: '4885621077',
    Denomination: 2000,
    CNumber: 'ITK070186',
    Rebate: 1
  },
  {
    Name: 'ANITHAMOL C T',
    Number: '4950597061',
    Denomination: 1000,
    CNumber: 'ITK070193',
    Rebate: 1
  }
]
2023-07-10T17:21:19: [0mGET /final [36m304 [0m297.768 ms - -[0m
2023-07-10T17:21:19: [0mGET /javascripts/script.js [36m304 [0m3.727 ms - -[0m
2023-07-10T17:21:22: [0mGET /finish [36m302 [0m41.698 ms - 46[0m
2023-07-10T17:21:22: undefined
2023-07-10T17:21:22: [0mGET / [36m304 [0m92.578 ms - -[0m
2023-07-10T17:21:22: [0mGET /javascripts/script.js [36m304 [0m3.043 ms - -[0m
2023-07-10T17:21:39: 194
2023-07-10T17:21:39: [
  {
    Number: '020000687002',
    Name: 'AMAL MURALI',
    Denomination: '2000',
    CNumber: 'ITK070196',
    Ref_Number: '194'
  }
] --------------------------------
2023-07-10T17:21:39: [0mGET /?search=194 [32m200 [0m76.452 ms - 7348[0m
2023-07-10T17:21:39: [0mGET /javascripts/script.js [36m304 [0m3.335 ms - -[0m
2023-07-10T17:21:40: ------------------------- [Object: null prototype] {
  Number: '020000687002',
  Name: 'AMAL MURALI',
  Denomination: '2000',
  Rebate: '',
  CNumber: 'ITK070196'
}
2023-07-10T17:21:40: >>>>>>>>>>>>>Details>>> [Object: null prototype] {
  Number: '020000687002',
  Name: 'AMAL MURALI',
  Denomination: '2000',
  Rebate: '',
  CNumber: 'ITK070196'
}
2023-07-10T17:21:40: [0mPOST /addToList/ [32m200 [0m78.653 ms - 15[0m
2023-07-10T17:21:45: 212
2023-07-10T17:21:45: [
  {
    Ref_Number: '212',
    Name: 'ARAVIND R',
    Number: '020019347982',
    CNumber: 'ITK070217',
    Denomination: '1500'
  }
] --------------------------------
2023-07-10T17:21:45: [0mGET /?search=212 [32m200 [0m91.703 ms - 7344[0m
2023-07-10T17:21:45: [0mGET /javascripts/script.js [36m304 [0m3.326 ms - -[0m
2023-07-10T17:21:48: ------------------------- [Object: null prototype] {
  Number: '020019347982',
  Name: 'ARAVIND R',
  Denomination: '1500',
  Rebate: '',
  CNumber: 'ITK070217'
}
2023-07-10T17:21:48: >>>>>>>>>>>>>Details>>> [Object: null prototype] {
  Number: '020019347982',
  Name: 'ARAVIND R',
  Denomination: '1500',
  Rebate: '',
  CNumber: 'ITK070217'
}
2023-07-10T17:21:48: [0mPOST /addToList/ [32m200 [0m77.806 ms - 15[0m
2023-07-10T17:21:53: 218
2023-07-10T17:21:53: [
  {
    Ref_Number: '218',
    Name: 'VASANTHI T R',
    Number: '020023736465',
    CNumber: 'ITK070223',
    Denomination: '1000'
  }
] --------------------------------
2023-07-10T17:21:53: [0mGET /?search=218 [32m200 [0m77.778 ms - 7350[0m
2023-07-10T17:21:53: [0mGET /javascripts/script.js [36m304 [0m3.052 ms - -[0m
2023-07-10T17:21:57: ------------------------- [Object: null prototype] {
  Number: '020023736465',
  Name: 'VASANTHI T R',
  Denomination: '1000',
  Rebate: '',
  CNumber: 'ITK070223'
}
2023-07-10T17:21:57: >>>>>>>>>>>>>Details>>> [Object: null prototype] {
  Number: '020023736465',
  Name: 'VASANTHI T R',
  Denomination: '1000',
  Rebate: '',
  CNumber: 'ITK070223'
}
2023-07-10T17:21:57: [0mPOST /addToList/ [32m200 [0m74.134 ms - 15[0m
2023-07-10T17:22:02: 216
2023-07-10T17:22:02: [
  {
    Ref_Number: '216',
    Name: 'Sheela M Mani',
    Number: '020021895819',
    CNumber: 'ITK070221',
    Denomination: '4000'
  }
] --------------------------------
2023-07-10T17:22:02: [0mGET /?search=216 [32m200 [0m78.919 ms - 7352[0m
2023-07-10T17:22:02: [0mGET /javascripts/script.js [36m304 [0m5.810 ms - -[0m
2023-07-10T17:22:04: ------------------------- [Object: null prototype] {
  Number: '020021895819',
  Name: 'Sheela M Mani',
  Denomination: '4000',
  Rebate: '',
  CNumber: 'ITK070221'
}
2023-07-10T17:22:04: >>>>>>>>>>>>>Details>>> [Object: null prototype] {
  Number: '020021895819',
  Name: 'Sheela M Mani',
  Denomination: '4000',
  Rebate: '',
  CNumber: 'ITK070221'
}
2023-07-10T17:22:04: [0mPOST /addToList/ [32m200 [0m90.811 ms - 15[0m
2023-07-10T17:22:09: 217
2023-07-10T17:22:09: [
  {
    Ref_Number: '217',
    Name: 'SONIA JOSEPH',
    Number: '020023737081',
    CNumber: 'ITK070222',
    Denomination: '1000'
  }
] --------------------------------
2023-07-10T17:22:09: [0mGET /?search=217 [32m200 [0m78.696 ms - 7350[0m
2023-07-10T17:22:09: [0mGET /javascripts/script.js [36m304 [0m3.998 ms - -[0m
2023-07-10T17:22:11: ------------------------- [Object: null prototype] {
  Number: '020023737081',
  Name: 'SONIA JOSEPH',
  Denomination: '1000',
  Rebate: '',
  CNumber: 'ITK070222'
}
2023-07-10T17:22:11: >>>>>>>>>>>>>Details>>> [Object: null prototype] {
  Number: '020023737081',
  Name: 'SONIA JOSEPH',
  Denomination: '1000',
  Rebate: '',
  CNumber: 'ITK070222'
}
2023-07-10T17:22:11: [0mPOST /addToList/ [32m200 [0m72.015 ms - 15[0m
2023-07-10T17:22:16: 222
2023-07-10T17:22:16: [
  {
    Ref_Number: '222',
    Name: 'RENJUMOL  JOSEPH',
    Number: '020028003343',
    CNumber: 'ITK 070227',
    Denomination: '1000'
  }
] --------------------------------
2023-07-10T17:22:16: [0mGET /?search=222 [32m200 [0m81.101 ms - 7359[0m
2023-07-10T17:22:16: [0mGET /javascripts/script.js [36m304 [0m3.975 ms - -[0m
2023-07-10T17:22:18: ------------------------- [Object: null prototype] {
  Number: '020028003343',
  Name: 'RENJUMOL  JOSEPH',
  Denomination: '1000',
  Rebate: '',
  CNumber: 'ITK 070227'
}
2023-07-10T17:22:18: >>>>>>>>>>>>>Details>>> [Object: null prototype] {
  Number: '020028003343',
  Name: 'RENJUMOL  JOSEPH',
  Denomination: '1000',
  Rebate: '',
  CNumber: 'ITK 070227'
}
2023-07-10T17:22:18: [0mPOST /addToList/ [32m200 [0m75.972 ms - 15[0m
2023-07-10T17:22:23: 225
2023-07-10T17:22:23: [
  {
    Ref_Number: '225',
    Name: 'Litty Joseph',
    Number: '020034365267',
    CNumber: 'ITK070232',
    Denomination: '1500'
  }
] --------------------------------
2023-07-10T17:22:23: [0mGET /?search=225 [32m200 [0m78.841 ms - 7350[0m
2023-07-10T17:22:23: [0mGET /javascripts/script.js [36m304 [0m3.924 ms - -[0m
2023-07-10T17:22:24: ------------------------- [Object: null prototype] {
  Number: '020034365267',
  Name: 'Litty Joseph',
  Denomination: '1500',
  Rebate: '',
  CNumber: 'ITK070232'
}
2023-07-10T17:22:24: >>>>>>>>>>>>>Details>>> [Object: null prototype] {
  Number: '020034365267',
  Name: 'Litty Joseph',
  Denomination: '1500',
  Rebate: '',
  CNumber: 'ITK070232'
}
2023-07-10T17:22:24: [0mPOST /addToList/ [32m200 [0m72.387 ms - 15[0m
2023-07-10T17:22:29: 234
2023-07-10T17:22:29: [
  {
    Ref_Number: '234',
    Name: 'BINDU M N',
    Number: '020041871765',
    CNumber: 'ITK 070241',
    Denomination: '2000'
  }
] --------------------------------
2023-07-10T17:22:29: [0mGET /?search=234 [32m200 [0m79.776 ms - 7345[0m
2023-07-10T17:22:29: [0mGET /javascripts/script.js [36m304 [0m3.059 ms - -[0m
2023-07-10T17:22:32: ------------------------- [Object: null prototype] {
  Number: '020041871765',
  Name: 'BINDU M N',
  Denomination: '2000',
  Rebate: '',
  CNumber: 'ITK 070241'
}
2023-07-10T17:22:32: >>>>>>>>>>>>>Details>>> [Object: null prototype] {
  Number: '020041871765',
  Name: 'BINDU M N',
  Denomination: '2000',
  Rebate: '',
  CNumber: 'ITK 070241'
}
2023-07-10T17:22:32: [0mPOST /addToList/ [32m200 [0m75.292 ms - 15[0m
2023-07-10T17:22:37: 256
2023-07-10T17:22:38: [
  {
    Ref_Number: '256',
    Name: 'SHIJI SAJU',
    Number: '020060055586',
    CNumber: 'IUI082464',
    Denomination: '5000'
  }
] --------------------------------
2023-07-10T17:22:38: [0mGET /?search=256 [32m200 [0m80.734 ms - 7346[0m
2023-07-10T17:22:38: [0mGET /javascripts/script.js [36m304 [0m3.037 ms - -[0m
2023-07-10T17:22:39: ------------------------- [Object: null prototype] {
  Number: '020060055586',
  Name: 'SHIJI SAJU',
  Denomination: '5000',
  Rebate: '',
  CNumber: 'IUI082464'
}
2023-07-10T17:22:39: >>>>>>>>>>>>>Details>>> [Object: null prototype] {
  Number: '020060055586',
  Name: 'SHIJI SAJU',
  Denomination: '5000',
  Rebate: '',
  CNumber: 'IUI082464'
}
2023-07-10T17:22:40: [0mPOST /addToList/ [32m200 [0m73.080 ms - 15[0m
2023-07-10T17:22:45: 259
2023-07-10T17:22:45: [
  {
    Ref_Number: '259',
    Name: 'SHAHINA',
    Number: '020060237453',
    CNumber: 'IUI082467',
    Denomination: '1000'
  }
] --------------------------------
2023-07-10T17:22:45: [0mGET /?search=259 [32m200 [0m80.982 ms - 7340[0m
2023-07-10T17:22:45: [0mGET /javascripts/script.js [36m304 [0m5.717 ms - -[0m
2023-07-10T17:22:47: ------------------------- [Object: null prototype] {
  Number: '020060237453',
  Name: 'SHAHINA',
  Denomination: '1000',
  Rebate: '',
  CNumber: 'IUI082467'
}
2023-07-10T17:22:47: >>>>>>>>>>>>>Details>>> [Object: null prototype] {
  Number: '020060237453',
  Name: 'SHAHINA',
  Denomination: '1000',
  Rebate: '',
  CNumber: 'IUI082467'
}
2023-07-10T17:22:47: [0mPOST /addToList/ [32m200 [0m71.738 ms - 15[0m
2023-07-10T17:22:52: [
  {
    Name: 'AMAL MURALI',
    Number: '020000687002',
    Denomination: 2000,
    CNumber: 'ITK070196',
    Rebate: 1
  },
  {
    Name: 'ARAVIND R',
    Number: '020019347982',
    Denomination: 1500,
    CNumber: 'ITK070217',
    Rebate: 1
  },
  {
    Name: 'Sheela M Mani',
    Number: '020021895819',
    Denomination: 4000,
    CNumber: 'ITK070221',
    Rebate: 1
  },
  {
    Name: 'VASANTHI T R',
    Number: '020023736465',
    Denomination: 1000,
    CNumber: 'ITK070223',
    Rebate: 1
  },
  {
    Name: 'SONIA JOSEPH',
    Number: '020023737081',
    Denomination: 1000,
    CNumber: 'ITK070222',
    Rebate: 1
  },
  {
    Name: 'RENJUMOL  JOSEPH',
    Number: '020028003343',
    Denomination: 1000,
    CNumber: 'ITK 070227',
    Rebate: 1
  },
  {
    Name: 'Litty Joseph',
    Number: '020034365267',
    Denomination: 1500,
    CNumber: 'ITK070232',
    Rebate: 1
  },
  {
    Name: 'BINDU M N',
    Number: '020041871765',
    Denomination: 2000,
    CNumber: 'ITK 070241',
    Rebate: 1
  },
  {
    Name: 'SHIJI SAJU',
    Number: '020060055586',
    Denomination: 5000,
    CNumber: 'IUI082464',
    Rebate: 1
  },
  {
    Name: 'SHAHINA',
    Number: '020060237453',
    Denomination: 1000,
    CNumber: 'IUI082467',
    Rebate: 1
  }
]
2023-07-10T17:22:52: [0mGET /final [32m200 [0m80.967 ms - 23410[0m
2023-07-10T17:22:52: [0mGET /javascripts/script.js [36m304 [0m4.088 ms - -[0m
2023-07-10T17:24:17: [0mGET /genarateList [32m200 [0m72247.011 ms - 16[0m
2023-07-10T17:25:56: [
  {
    Name: 'AMAL MURALI',
    Number: '020000687002',
    Denomination: 2000,
    CNumber: 'ITK070196',
    Rebate: 1
  },
  {
    Name: 'ARAVIND R',
    Number: '020019347982',
    Denomination: 1500,
    CNumber: 'ITK070217',
    Rebate: 1
  },
  {
    Name: 'Sheela M Mani',
    Number: '020021895819',
    Denomination: 4000,
    CNumber: 'ITK070221',
    Rebate: 1
  },
  {
    Name: 'VASANTHI T R',
    Number: '020023736465',
    Denomination: 1000,
    CNumber: 'ITK070223',
    Rebate: 1
  },
  {
    Name: 'SONIA JOSEPH',
    Number: '020023737081',
    Denomination: 1000,
    CNumber: 'ITK070222',
    Rebate: 1
  },
  {
    Name: 'RENJUMOL  JOSEPH',
    Number: '020028003343',
    Denomination: 1000,
    CNumber: 'ITK 070227',
    Rebate: 1
  },
  {
    Name: 'Litty Joseph',
    Number: '020034365267',
    Denomination: 1500,
    CNumber: 'ITK070232',
    Rebate: 1
  },
  {
    Name: 'BINDU M N',
    Number: '020041871765',
    Denomination: 2000,
    CNumber: 'ITK 070241',
    Rebate: 1
  },
  {
    Name: 'SHIJI SAJU',
    Number: '020060055586',
    Denomination: 5000,
    CNumber: 'IUI082464',
    Rebate: 1
  },
  {
    Name: 'SHAHINA',
    Number: '020060237453',
    Denomination: 1000,
    CNumber: 'IUI082467',
    Rebate: 1
  }
]
2023-07-10T17:25:56: [0mGET /final [36m304 [0m437.869 ms - -[0m
2023-07-10T17:25:56: [0mGET /javascripts/script.js [36m304 [0m3.012 ms - -[0m
2023-07-10T17:25:59: [0mGET /finish [36m302 [0m40.183 ms - 46[0m
2023-07-10T17:25:59: undefined
2023-07-10T17:25:59: [0mGET / [36m304 [0m90.144 ms - -[0m
2023-07-10T17:25:59: [0mGET /javascripts/script.js [36m304 [0m3.751 ms - -[0m
2023-07-10T17:26:04: 110
2023-07-10T17:26:04: [
  {
    Number: '4114448376',
    Name: 'VASUDEVAN NAIR N',
    Denomination: '5000',
    CNumber: 'IHW004557',
    Ref_Number: '110'
  }
] --------------------------------
2023-07-10T17:26:04: [0mGET /?search=110 [32m200 [0m93.697 ms - 7354[0m
2023-07-10T17:26:04: [0mGET /javascripts/script.js [36m304 [0m3.075 ms - -[0m
2023-07-10T17:26:08: ------------------------- [Object: null prototype] {
  Number: '4114448376',
  Name: 'VASUDEVAN NAIR N',
  Denomination: '5000',
  Rebate: '',
  CNumber: 'IHW004557'
}
2023-07-10T17:26:08: >>>>>>>>>>>>>Details>>> [Object: null prototype] {
  Number: '4114448376',
  Name: 'VASUDEVAN NAIR N',
  Denomination: '5000',
  Rebate: '',
  CNumber: 'IHW004557'
}
2023-07-10T17:26:08: [0mPOST /addToList/ [32m200 [0m101.899 ms - 15[0m
2023-07-10T17:26:14: 113
2023-07-10T17:26:14: [
  {
    Number: '4142643354',
    Name: 'GRACAMMA MATHEW',
    Denomination: '500',
    CNumber: 'IHW004561',
    Ref_Number: '113'
  }
] --------------------------------
2023-07-10T17:26:14: [0mGET /?search=113 [32m200 [0m81.413 ms - 7350[0m
2023-07-10T17:26:14: [0mGET /javascripts/script.js [36m304 [0m3.954 ms - -[0m
2023-07-10T17:26:16: ------------------------- [Object: null prototype] {
  Number: '4142643354',
  Name: 'GRACAMMA MATHEW',
  Denomination: '500',
  Rebate: '',
  CNumber: 'IHW004561'
}
2023-07-10T17:26:16: >>>>>>>>>>>>>Details>>> [Object: null prototype] {
  Number: '4142643354',
  Name: 'GRACAMMA MATHEW',
  Denomination: '500',
  Rebate: '',
  CNumber: 'IHW004561'
}
2023-07-10T17:26:16: [0mPOST /addToList/ [32m200 [0m72.391 ms - 15[0m
2023-07-10T17:26:22: 142
2023-07-10T17:26:22: [
  {
    Number: '4345322421',
    Name: 'RAJANI N NAIR',
    Denomination: '500',
    CNumber: 'IHW004590',
    Ref_Number: '142'
  }
] --------------------------------
2023-07-10T17:26:22: [0mGET /?search=142 [32m200 [0m90.278 ms - 7346[0m
2023-07-10T17:26:22: [0mGET /javascripts/script.js [36m304 [0m4.400 ms - -[0m
2023-07-10T17:26:25: ------------------------- [Object: null prototype] {
  Number: '4345322421',
  Name: 'RAJANI N NAIR',
  Denomination: '500',
  Rebate: '',
  CNumber: 'IHW004590'
}
2023-07-10T17:26:25: >>>>>>>>>>>>>Details>>> [Object: null prototype] {
  Number: '4345322421',
  Name: 'RAJANI N NAIR',
  Denomination: '500',
  Rebate: '',
  CNumber: 'IHW004590'
}
2023-07-10T17:26:25: [0mPOST /addToList/ [32m200 [0m73.692 ms - 15[0m
2023-07-10T17:26:32: 223
2023-07-10T17:26:32: [
  {
    Ref_Number: '223',
    Name: 'ROHITH V R',
    Number: '020028555817',
    CNumber: 'ITK 070228',
    Denomination: '2000'
  }
] --------------------------------
2023-07-10T17:26:32: [0mGET /?search=223 [32m200 [0m90.709 ms - 7347[0m
2023-07-10T17:26:32: [0mGET /javascripts/script.js [36m304 [0m3.071 ms - -[0m
2023-07-10T17:26:37: ------------------------- [Object: null prototype] {
  Number: '020028555817',
  Name: 'ROHITH V R',
  Denomination: '2000',
  Rebate: '',
  CNumber: 'ITK 070228'
}
2023-07-10T17:26:37: >>>>>>>>>>>>>Details>>> [Object: null prototype] {
  Number: '020028555817',
  Name: 'ROHITH V R',
  Denomination: '2000',
  Rebate: '',
  CNumber: 'ITK 070228'
}
2023-07-10T17:26:37: [0mPOST /addToList/ [32m200 [0m78.363 ms - 15[0m
2023-07-10T17:26:45: 228
2023-07-10T17:26:45: [
  {
    Ref_Number: '228',
    Name: 'ANOOP S NAIR',
    Number: '020037786131',
    CNumber: 'ITK070235',
    Denomination: '1000'
  }
] --------------------------------
2023-07-10T17:26:46: [0mGET /?search=228 [32m200 [0m86.986 ms - 7350[0m
2023-07-10T17:26:46: [0mGET /javascripts/script.js [36m304 [0m3.925 ms - -[0m
2023-07-10T17:26:48: ------------------------- [Object: null prototype] {
  Number: '020037786131',
  Name: 'ANOOP S NAIR',
  Denomination: '1000',
  Rebate: '',
  CNumber: 'ITK070235'
}
2023-07-10T17:26:48: >>>>>>>>>>>>>Details>>> [Object: null prototype] {
  Number: '020037786131',
  Name: 'ANOOP S NAIR',
  Denomination: '1000',
  Rebate: '',
  CNumber: 'ITK070235'
}
2023-07-10T17:26:48: [0mPOST /addToList/ [32m200 [0m80.593 ms - 15[0m
2023-07-10T17:26:53: 229
2023-07-10T17:26:54: [
  {
    Ref_Number: '229',
    Name: 'SANOOP S',
    Number: '020037786199',
    CNumber: 'ITK070236',
    Denomination: '2000'
  }
] --------------------------------
2023-07-10T17:26:54: [0mGET /?search=229 [32m200 [0m83.304 ms - 7342[0m
2023-07-10T17:26:54: [0mGET /javascripts/script.js [36m304 [0m4.210 ms - -[0m
2023-07-10T17:26:56: ------------------------- [Object: null prototype] {
  Number: '020037786199',
  Name: 'SANOOP S',
  Denomination: '2000',
  Rebate: '',
  CNumber: 'ITK070236'
}
2023-07-10T17:26:56: >>>>>>>>>>>>>Details>>> [Object: null prototype] {
  Number: '020037786199',
  Name: 'SANOOP S',
  Denomination: '2000',
  Rebate: '',
  CNumber: 'ITK070236'
}
2023-07-10T17:26:56: [0mPOST /addToList/ [32m200 [0m75.549 ms - 15[0m
2023-07-10T17:27:01: 258
2023-07-10T17:27:01: [
  {
    Ref_Number: '258',
    Name: 'LIYA ANNA',
    Number: '020060238940',
    CNumber: 'IUI082466',
    Denomination: '3500'
  }
] --------------------------------
2023-07-10T17:27:01: [0mGET /?search=258 [32m200 [0m84.984 ms - 7344[0m
2023-07-10T17:27:01: [0mGET /javascripts/script.js [36m304 [0m3.910 ms - -[0m
2023-07-10T17:27:03: ------------------------- [Object: null prototype] {
  Number: '020060238940',
  Name: 'LIYA ANNA',
  Denomination: '3500',
  Rebate: '',
  CNumber: 'IUI082466'
}
2023-07-10T17:27:03: >>>>>>>>>>>>>Details>>> [Object: null prototype] {
  Number: '020060238940',
  Name: 'LIYA ANNA',
  Denomination: '3500',
  Rebate: '',
  CNumber: 'IUI082466'
}
2023-07-10T17:27:03: [0mPOST /addToList/ [32m200 [0m73.343 ms - 15[0m
2023-07-10T17:27:09: 257
2023-07-10T17:27:09: [
  {
    Ref_Number: '257',
    Name: 'DILEEP THOMSON',
    Number: '020060240478',
    CNumber: 'IUI082465',
    Denomination: '3500'
  }
] --------------------------------
2023-07-10T17:27:09: [0mGET /?search=257 [32m200 [0m80.744 ms - 7354[0m
2023-07-10T17:27:09: [0mGET /javascripts/script.js [36m304 [0m4.229 ms - -[0m
2023-07-10T17:27:12: ------------------------- [Object: null prototype] {
  Number: '020060240478',
  Name: 'DILEEP THOMSON',
  Denomination: '3500',
  Rebate: '',
  CNumber: 'IUI082465'
}
2023-07-10T17:27:12: >>>>>>>>>>>>>Details>>> [Object: null prototype] {
  Number: '020060240478',
  Name: 'DILEEP THOMSON',
  Denomination: '3500',
  Rebate: '',
  CNumber: 'IUI082465'
}
2023-07-10T17:27:12: [0mPOST /addToList/ [32m200 [0m74.502 ms - 15[0m
2023-07-10T17:27:19: 260
2023-07-10T17:27:19: [
  {
    Ref_Number: '260',
    Name: 'SUJATHA',
    Number: '020060242129',
    CNumber: 'IUI082468',
    Denomination: '2000'
  }
] --------------------------------
2023-07-10T17:27:19: [0mGET /?search=260 [32m200 [0m82.491 ms - 7340[0m
2023-07-10T17:27:19: [0mGET /javascripts/script.js [36m304 [0m3.796 ms - -[0m
2023-07-10T17:27:23: ------------------------- [Object: null prototype] {
  Number: '020060242129',
  Name: 'SUJATHA',
  Denomination: '2000',
  Rebate: '',
  CNumber: 'IUI082468'
}
2023-07-10T17:27:23: >>>>>>>>>>>>>Details>>> [Object: null prototype] {
  Number: '020060242129',
  Name: 'SUJATHA',
  Denomination: '2000',
  Rebate: '',
  CNumber: 'IUI082468'
}
2023-07-10T17:27:23: [0mPOST /addToList/ [32m200 [0m81.367 ms - 15[0m
2023-07-10T17:27:28: [
  {
    Name: 'ROHITH V R',
    Number: '020028555817',
    Denomination: 2000,
    CNumber: 'ITK 070228',
    Rebate: 1
  },
  {
    Name: 'ANOOP S NAIR',
    Number: '020037786131',
    Denomination: 1000,
    CNumber: 'ITK070235',
    Rebate: 1
  },
  {
    Name: 'SANOOP S',
    Number: '020037786199',
    Denomination: 2000,
    CNumber: 'ITK070236',
    Rebate: 1
  },
  {
    Name: 'LIYA ANNA',
    Number: '020060238940',
    Denomination: 3500,
    CNumber: 'IUI082466',
    Rebate: 1
  },
  {
    Name: 'DILEEP THOMSON',
    Number: '020060240478',
    Denomination: 3500,
    CNumber: 'IUI082465',
    Rebate: 1
  },
  {
    Name: 'SUJATHA',
    Number: '020060242129',
    Denomination: 2000,
    CNumber: 'IUI082468',
    Rebate: 1
  },
  {
    Name: 'VASUDEVAN NAIR N',
    Number: '4114448376',
    Denomination: 5000,
    CNumber: 'IHW004557',
    Rebate: 1
  },
  {
    Name: 'GRACAMMA MATHEW',
    Number: '4142643354',
    Denomination: 500,
    CNumber: 'IHW004561',
    Rebate: 1
  },
  {
    Name: 'RAJANI N NAIR',
    Number: '4345322421',
    Denomination: 500,
    CNumber: 'IHW004590',
    Rebate: 1
  }
]
2023-07-10T17:27:28: [0mGET /final [32m200 [0m79.823 ms - 21931[0m
2023-07-10T17:27:28: [0mGET /javascripts/script.js [36m304 [0m4.161 ms - -[0m
2023-07-10T17:29:13: [0mGET /genarateList [32m200 [0m70642.626 ms - 16[0m
2023-07-10T17:29:56: [
  {
    Name: 'ROHITH V R',
    Number: '020028555817',
    Denomination: 2000,
    CNumber: 'ITK 070228',
    Rebate: 1
  },
  {
    Name: 'ANOOP S NAIR',
    Number: '020037786131',
    Denomination: 1000,
    CNumber: 'ITK070235',
    Rebate: 1
  },
  {
    Name: 'SANOOP S',
    Number: '020037786199',
    Denomination: 2000,
    CNumber: 'ITK070236',
    Rebate: 1
  },
  {
    Name: 'LIYA ANNA',
    Number: '020060238940',
    Denomination: 3500,
    CNumber: 'IUI082466',
    Rebate: 1
  },
  {
    Name: 'DILEEP THOMSON',
    Number: '020060240478',
    Denomination: 3500,
    CNumber: 'IUI082465',
    Rebate: 1
  },
  {
    Name: 'SUJATHA',
    Number: '020060242129',
    Denomination: 2000,
    CNumber: 'IUI082468',
    Rebate: 1
  },
  {
    Name: 'VASUDEVAN NAIR N',
    Number: '4114448376',
    Denomination: 5000,
    CNumber: 'IHW004557',
    Rebate: 1
  },
  {
    Name: 'GRACAMMA MATHEW',
    Number: '4142643354',
    Denomination: 500,
    CNumber: 'IHW004561',
    Rebate: 1
  },
  {
    Name: 'RAJANI N NAIR',
    Number: '4345322421',
    Denomination: 500,
    CNumber: 'IHW004590',
    Rebate: 1
  }
]
2023-07-10T17:29:56: [0mGET /final [36m304 [0m284.882 ms - -[0m
2023-07-10T17:29:56: [0mGET /javascripts/script.js [36m304 [0m3.743 ms - -[0m
2023-07-10T17:29:58: [0mGET /finish [36m302 [0m36.878 ms - 46[0m
2023-07-10T17:29:58: undefined
2023-07-10T17:29:58: [0mGET / [36m304 [0m78.599 ms - -[0m
2023-07-10T17:29:58: [0mGET /javascripts/script.js [36m304 [0m9.891 ms - -[0m
2023-07-10T17:30:07: 41
2023-07-10T17:30:07: [
  {
    Number: '3485775647',
    Name: 'BOBBY GEORGE',
    Denomination: '10000',
    CNumber: 'IKT0005811',
    Ref_Number: '41'
  }
] --------------------------------
2023-07-10T17:30:07: [0mGET /?search=41 [32m200 [0m81.104 ms - 7349[0m
2023-07-10T17:30:07: [0mGET /javascripts/script.js [36m304 [0m3.147 ms - -[0m
2023-07-10T17:30:09: ------------------------- [Object: null prototype] {
  Number: '3485775647',
  Name: 'BOBBY GEORGE',
  Denomination: '10000',
  Rebate: '',
  CNumber: 'IKT0005811'
}
2023-07-10T17:30:09: >>>>>>>>>>>>>Details>>> [Object: null prototype] {
  Number: '3485775647',
  Name: 'BOBBY GEORGE',
  Denomination: '10000',
  Rebate: '',
  CNumber: 'IKT0005811'
}
2023-07-10T17:30:09: [0mPOST /addToList/ [32m200 [0m76.673 ms - 15[0m
2023-07-10T17:30:16: E
2023-07-10T17:30:16: [
  {
    Number: '8204062923',
    Name: 'BOBBY GEORGE',
    Denomination: '5000',
    CNumber: 'ITK070183',
    Ref_Number: 'E'
  }
] --------------------------------
2023-07-10T17:30:16: [0mGET /?search=E [32m200 [0m96.274 ms - 7346[0m
2023-07-10T17:30:16: [0mGET /javascripts/script.js [36m304 [0m4.183 ms - -[0m
2023-07-10T17:30:18: ------------------------- [Object: null prototype] {
  Number: '8204062923',
  Name: 'BOBBY GEORGE',
  Denomination: '5000',
  Rebate: '',
  CNumber: 'ITK070183'
}
2023-07-10T17:30:18: >>>>>>>>>>>>>Details>>> [Object: null prototype] {
  Number: '8204062923',
  Name: 'BOBBY GEORGE',
  Denomination: '5000',
  Rebate: '',
  CNumber: 'ITK070183'
}
2023-07-10T17:30:18: [0mPOST /addToList/ [32m200 [0m101.173 ms - 15[0m
2023-07-10T17:30:23: D
2023-07-10T17:30:23: [
  {
    Number: '8204062897',
    Name: 'BOBBY GEORGE',
    Denomination: '5000',
    CNumber: 'ITK070178',
    Ref_Number: 'D'
  }
] --------------------------------
2023-07-10T17:30:23: [0mGET /?search=D [32m200 [0m93.147 ms - 7346[0m
2023-07-10T17:30:23: [0mGET /javascripts/script.js [36m304 [0m4.074 ms - -[0m
2023-07-10T17:30:25: ------------------------- [Object: null prototype] {
  Number: '8204062897',
  Name: 'BOBBY GEORGE',
  Denomination: '5000',
  Rebate: '',
  CNumber: 'ITK070178'
}
2023-07-10T17:30:25: >>>>>>>>>>>>>Details>>> [Object: null prototype] {
  Number: '8204062897',
  Name: 'BOBBY GEORGE',
  Denomination: '5000',
  Rebate: '',
  CNumber: 'ITK070178'
}
2023-07-10T17:30:25: [0mPOST /addToList/ [32m200 [0m67.641 ms - 15[0m
2023-07-10T17:30:29: [
  {
    Name: 'BOBBY GEORGE',
    Number: '3485775647',
    Denomination: 10000,
    CNumber: 'IKT0005811',
    Rebate: 1
  },
  {
    Name: 'BOBBY GEORGE',
    Number: '8204062897',
    Denomination: 5000,
    CNumber: 'ITK070178',
    Rebate: 1
  },
  {
    Name: 'BOBBY GEORGE',
    Number: '8204062923',
    Denomination: 5000,
    CNumber: 'ITK070183',
    Rebate: 1
  }
]
2023-07-10T17:30:29: [0mGET /final [32m200 [0m81.294 ms - 13352[0m
2023-07-10T17:30:29: [0mGET /javascripts/script.js [36m304 [0m3.973 ms - -[0m
2023-07-10T17:32:03: [0mGET /genarateList [32m200 [0m72064.587 ms - 16[0m
2023-07-10T17:32:54: [
  {
    Name: 'BOBBY GEORGE',
    Number: '3485775647',
    Denomination: 10000,
    CNumber: 'IKT0005811',
    Rebate: 1
  },
  {
    Name: 'BOBBY GEORGE',
    Number: '8204062897',
    Denomination: 5000,
    CNumber: 'ITK070178',
    Rebate: 1
  },
  {
    Name: 'BOBBY GEORGE',
    Number: '8204062923',
    Denomination: 5000,
    CNumber: 'ITK070183',
    Rebate: 1
  }
]
2023-07-10T17:32:54: [0mGET /final [36m304 [0m286.846 ms - -[0m
2023-07-10T17:32:54: [0mGET /javascripts/script.js [36m304 [0m3.970 ms - -[0m
2023-07-10T17:32:56: [0mGET /finish [36m302 [0m42.214 ms - 46[0m
2023-07-10T17:32:56: undefined
2023-07-10T17:32:56: [0mGET / [36m304 [0m120.134 ms - -[0m
2023-07-10T17:32:56: [0mGET /javascripts/script.js [36m304 [0m2.849 ms - -[0m
2023-07-10T17:33:06: 251
2023-07-10T17:33:06: [
  {
    Ref_Number: '251',
    Name: 'DR.K.SUDARSAN',
    Number: '020057207749',
    CNumber: 'IUI082459',
    Denomination: '2000'
  }
] --------------------------------
2023-07-10T17:33:06: [0mGET /?search=251 [32m200 [0m76.859 ms - 7352[0m
2023-07-10T17:33:06: [0mGET /javascripts/script.js [36m304 [0m4.035 ms - -[0m
2023-07-10T17:33:08: ------------------------- [Object: null prototype] {
  Number: '020057207749',
  Name: 'DR.K.SUDARSAN',
  Denomination: '2000',
  Rebate: '',
  CNumber: 'IUI082459'
}
2023-07-10T17:33:08: >>>>>>>>>>>>>Details>>> [Object: null prototype] {
  Number: '020057207749',
  Name: 'DR.K.SUDARSAN',
  Denomination: '2000',
  Rebate: '',
  CNumber: 'IUI082459'
}
2023-07-10T17:33:08: [0mPOST /addToList/ [32m200 [0m82.536 ms - 15[0m
2023-07-10T17:33:14: 252
2023-07-10T17:33:14: [
  {
    Ref_Number: '252',
    Name: 'KAVITHA.G.NAIR',
    Number: '020057204796',
    CNumber: 'IUI082460',
    Denomination: '2000'
  }
] --------------------------------
2023-07-10T17:33:14: [0mGET /?search=252 [32m200 [0m77.485 ms - 7354[0m
2023-07-10T17:33:14: [0mGET /javascripts/script.js [36m304 [0m4.176 ms - -[0m
2023-07-10T17:33:16: ------------------------- [Object: null prototype] {
  Number: '020057204796',
  Name: 'KAVITHA.G.NAIR',
  Denomination: '2000',
  Rebate: '',
  CNumber: 'IUI082460'
}
2023-07-10T17:33:16: >>>>>>>>>>>>>Details>>> [Object: null prototype] {
  Number: '020057204796',
  Name: 'KAVITHA.G.NAIR',
  Denomination: '2000',
  Rebate: '',
  CNumber: 'IUI082460'
}
2023-07-10T17:33:16: [0mPOST /addToList/ [32m200 [0m71.519 ms - 15[0m
2023-07-10T17:33:22: 264
2023-07-10T17:33:22: [
  {
    Ref_Number: '264',
    Name: 'SHINY ELDHO',
    Number: '020065781546',
    CNumber: 'IUI082472',
    Denomination: '1000'
  }
] --------------------------------
2023-07-10T17:33:22: [0mGET /?search=264 [32m200 [0m77.265 ms - 7348[0m
2023-07-10T17:33:22: [0mGET /javascripts/script.js [36m304 [0m3.909 ms - -[0m
2023-07-10T17:33:23: ------------------------- [Object: null prototype] {
  Number: '020065781546',
  Name: 'SHINY ELDHO',
  Denomination: '1000',
  Rebate: '',
  CNumber: 'IUI082472'
}
2023-07-10T17:33:23: >>>>>>>>>>>>>Details>>> [Object: null prototype] {
  Number: '020065781546',
  Name: 'SHINY ELDHO',
  Denomination: '1000',
  Rebate: '',
  CNumber: 'IUI082472'
}
2023-07-10T17:33:24: [0mPOST /addToList/ [32m200 [0m76.620 ms - 15[0m
2023-07-10T17:33:28: 120
2023-07-10T17:33:28: [
  {
    Number: '4173936791',
    Name: 'MANJU VARGHESE',
    Denomination: '1000',
    CNumber: 'IHW004568',
    Ref_Number: '120'
  }
] --------------------------------
2023-07-10T17:33:28: [0mGET /?search=120 [32m200 [0m77.258 ms - 7350[0m
2023-07-10T17:33:28: [0mGET /javascripts/script.js [36m304 [0m4.090 ms - -[0m
2023-07-10T17:33:31: ------------------------- [Object: null prototype] {
  Number: '4173936791',
  Name: 'MANJU VARGHESE',
  Denomination: '1000',
  Rebate: '',
  CNumber: 'IHW004568'
}
2023-07-10T17:33:31: >>>>>>>>>>>>>Details>>> [Object: null prototype] {
  Number: '4173936791',
  Name: 'MANJU VARGHESE',
  Denomination: '1000',
  Rebate: '',
  CNumber: 'IHW004568'
}
2023-07-10T17:33:31: [0mPOST /addToList/ [32m200 [0m74.330 ms - 15[0m
2023-07-10T17:33:36: 121
2023-07-10T17:33:36: [
  {
    Number: '4173951176',
    Name: 'DEEPU S NAIR',
    Denomination: '2000',
    CNumber: 'IHW004569',
    Ref_Number: '121'
  }
] --------------------------------
2023-07-10T17:33:36: [0mGET /?search=121 [32m200 [0m76.289 ms - 7346[0m
2023-07-10T17:33:36: [0mGET /javascripts/script.js [36m304 [0m5.341 ms - -[0m
2023-07-10T17:33:39: ------------------------- [Object: null prototype] {
  Number: '4173951176',
  Name: 'DEEPU S NAIR',
  Denomination: '2000',
  Rebate: '',
  CNumber: 'IHW004569'
}
2023-07-10T17:33:39: >>>>>>>>>>>>>Details>>> [Object: null prototype] {
  Number: '4173951176',
  Name: 'DEEPU S NAIR',
  Denomination: '2000',
  Rebate: '',
  CNumber: 'IHW004569'
}
2023-07-10T17:33:39: [0mPOST /addToList/ [32m200 [0m72.238 ms - 15[0m
2023-07-10T17:33:44: 134
2023-07-10T17:33:44: [
  {
    Number: '4297591241',
    Name: 'PEETHAMBARAN K M',
    Denomination: '1000',
    CNumber: 'IHW004582',
    Ref_Number: '134'
  }
] --------------------------------
2023-07-10T17:33:44: [0mGET /?search=134 [36m304 [0m81.470 ms - -[0m
2023-07-10T17:33:44: [0mGET /javascripts/script.js [36m304 [0m3.141 ms - -[0m
2023-07-10T17:33:46: ------------------------- [Object: null prototype] {
  Number: '4297591241',
  Name: 'PEETHAMBARAN K M',
  Denomination: '1000',
  Rebate: '',
  CNumber: 'IHW004582'
}
2023-07-10T17:33:46: >>>>>>>>>>>>>Details>>> [Object: null prototype] {
  Number: '4297591241',
  Name: 'PEETHAMBARAN K M',
  Denomination: '1000',
  Rebate: '',
  CNumber: 'IHW004582'
}
2023-07-10T17:33:46: [0mPOST /addToList/ [32m200 [0m74.646 ms - 15[0m
2023-07-10T17:35:18: 120
2023-07-10T17:35:18: [
  {
    Number: '4173936791',
    Name: 'MANJU VARGHESE',
    Denomination: '1000',
    CNumber: 'IHW004568',
    Ref_Number: '120'
  }
] --------------------------------
2023-07-10T17:35:18: [0mGET /?search=120 [36m304 [0m105.568 ms - -[0m
2023-07-10T17:35:18: [0mGET /javascripts/script.js [36m304 [0m3.536 ms - -[0m
2023-07-10T17:35:20: ------------------------- [Object: null prototype] {
  Number: '4173936791',
  Name: 'MANJU VARGHESE',
  Denomination: '1000',
  Rebate: '',
  CNumber: 'IHW004568'
}
2023-07-10T17:35:20: >>>>>>>>>>>>>Details>>> [Object: null prototype] {
  Number: '4173936791',
  Name: 'MANJU VARGHESE',
  Denomination: '1000',
  Rebate: '',
  CNumber: 'IHW004568'
}
2023-07-10T17:35:20: [0mPOST /addToList/ [32m200 [0m36.895 ms - 16[0m
2023-07-10T17:35:26: 121
2023-07-10T17:35:26: [
  {
    Number: '4173951176',
    Name: 'DEEPU S NAIR',
    Denomination: '2000',
    CNumber: 'IHW004569',
    Ref_Number: '121'
  }
] --------------------------------
2023-07-10T17:35:26: [0mGET /?search=121 [36m304 [0m80.079 ms - -[0m
2023-07-10T17:35:26: [0mGET /javascripts/script.js [36m304 [0m3.293 ms - -[0m
2023-07-10T17:35:28: ------------------------- [Object: null prototype] {
  Number: '4173951176',
  Name: 'DEEPU S NAIR',
  Denomination: '2000',
  Rebate: '',
  CNumber: 'IHW004569'
}
2023-07-10T17:35:28: >>>>>>>>>>>>>Details>>> [Object: null prototype] {
  Number: '4173951176',
  Name: 'DEEPU S NAIR',
  Denomination: '2000',
  Rebate: '',
  CNumber: 'IHW004569'
}
2023-07-10T17:35:28: [0mPOST /addToList/ [32m200 [0m35.105 ms - 16[0m
2023-07-10T17:35:43: 137
2023-07-10T17:35:43: [
  {
    Number: '4308875599',
    Name: 'LATHIKADEVI R',
    Denomination: '500',
    CNumber: 'IHW004585',
    Ref_Number: '137'
  }
] --------------------------------
2023-07-10T17:35:43: [0mGET /?search=137 [32m200 [0m89.657 ms - 7346[0m
2023-07-10T17:35:43: [0mGET /javascripts/script.js [36m304 [0m3.383 ms - -[0m
2023-07-10T17:35:45: ------------------------- [Object: null prototype] {
  Number: '4308875599',
  Name: 'LATHIKADEVI R',
  Denomination: '500',
  Rebate: '',
  CNumber: 'IHW004585'
}
2023-07-10T17:35:45: >>>>>>>>>>>>>Details>>> [Object: null prototype] {
  Number: '4308875599',
  Name: 'LATHIKADEVI R',
  Denomination: '500',
  Rebate: '',
  CNumber: 'IHW004585'
}
2023-07-10T17:35:45: [0mPOST /addToList/ [32m200 [0m84.150 ms - 15[0m
2023-07-10T17:35:51: 153
2023-07-10T17:35:51: [
  {
    Number: '4532787385',
    Name: 'REMADEVI E G',
    Denomination: '1000',
    CNumber: 'ITK070152',
    Ref_Number: '153'
  }
] --------------------------------
2023-07-10T17:35:51: [0mGET /?search=153 [32m200 [0m93.985 ms - 7346[0m
2023-07-10T17:35:51: [0mGET /javascripts/script.js [36m304 [0m3.140 ms - -[0m
2023-07-10T17:35:53: ------------------------- [Object: null prototype] {
  Number: '4532787385',
  Name: 'REMADEVI E G',
  Denomination: '1000',
  Rebate: '',
  CNumber: 'ITK070152'
}
2023-07-10T17:35:53: >>>>>>>>>>>>>Details>>> [Object: null prototype] {
  Number: '4532787385',
  Name: 'REMADEVI E G',
  Denomination: '1000',
  Rebate: '',
  CNumber: 'ITK070152'
}
2023-07-10T17:35:53: [0mPOST /addToList/ [32m200 [0m72.460 ms - 15[0m
2023-07-10T17:35:58: 154
2023-07-10T17:35:58: [
  {
    Number: '4564135468',
    Name: 'SHYLAJA P L',
    Denomination: '1000',
    CNumber: 'ITK070153',
    Ref_Number: '154'
  }
] --------------------------------
2023-07-10T17:35:58: [0mGET /?search=154 [32m200 [0m88.390 ms - 7344[0m
2023-07-10T17:35:58: [0mGET /javascripts/script.js [36m304 [0m3.104 ms - -[0m
2023-07-10T17:36:00: ------------------------- [Object: null prototype] {
  Number: '4564135468',
  Name: 'SHYLAJA P L',
  Denomination: '1000',
  Rebate: '',
  CNumber: 'ITK070153'
}
2023-07-10T17:36:00: >>>>>>>>>>>>>Details>>> [Object: null prototype] {
  Number: '4564135468',
  Name: 'SHYLAJA P L',
  Denomination: '1000',
  Rebate: '',
  CNumber: 'ITK070153'
}
2023-07-10T17:36:00: [0mPOST /addToList/ [32m200 [0m72.900 ms - 15[0m
2023-07-10T17:36:06: 156
2023-07-10T17:36:06: [
  {
    Number: '4582962817',
    Name: 'SREEKUMAR K R',
    Denomination: '1000',
    CNumber: 'ITK070155',
    Ref_Number: '156'
  }
] --------------------------------
2023-07-10T17:36:06: [0mGET /?search=156 [32m200 [0m81.403 ms - 7348[0m
2023-07-10T17:36:06: [0mGET /javascripts/script.js [36m304 [0m3.114 ms - -[0m
2023-07-10T17:36:07: ------------------------- [Object: null prototype] {
  Number: '4582962817',
  Name: 'SREEKUMAR K R',
  Denomination: '1000',
  Rebate: '',
  CNumber: 'ITK070155'
}
2023-07-10T17:36:07: >>>>>>>>>>>>>Details>>> [Object: null prototype] {
  Number: '4582962817',
  Name: 'SREEKUMAR K R',
  Denomination: '1000',
  Rebate: '',
  CNumber: 'ITK070155'
}
2023-07-10T17:36:08: [0mPOST /addToList/ [32m200 [0m72.876 ms - 15[0m
2023-07-10T17:36:13: 157
2023-07-10T17:36:14: [
  {
    Number: '4582977866',
    Name: 'REMYA P R',
    Denomination: '1000',
    CNumber: 'ITK070156',
    Ref_Number: '157'
  }
] --------------------------------
2023-07-10T17:36:14: [0mGET /?search=157 [32m200 [0m77.801 ms - 7340[0m
2023-07-10T17:36:14: [0mGET /javascripts/script.js [36m304 [0m2.967 ms - -[0m
2023-07-10T17:36:15: ------------------------- [Object: null prototype] {
  Number: '4582977866',
  Name: 'REMYA P R',
  Denomination: '1000',
  Rebate: '',
  CNumber: 'ITK070156'
}
2023-07-10T17:36:15: >>>>>>>>>>>>>Details>>> [Object: null prototype] {
  Number: '4582977866',
  Name: 'REMYA P R',
  Denomination: '1000',
  Rebate: '',
  CNumber: 'ITK070156'
}
2023-07-10T17:36:15: [0mPOST /addToList/ [32m200 [0m73.602 ms - 15[0m
2023-07-10T17:36:20: 162
2023-07-10T17:36:20: [
  {
    Number: '4666086798',
    Name: 'RASHEEDA P M',
    Denomination: '1000',
    CNumber: 'ITK070161',
    Ref_Number: '162'
  }
] --------------------------------
2023-07-10T17:36:20: [0mGET /?search=162 [32m200 [0m79.974 ms - 7346[0m
2023-07-10T17:36:20: [0mGET /javascripts/script.js [36m304 [0m3.563 ms - -[0m
2023-07-10T17:36:22: ------------------------- [Object: null prototype] {
  Number: '4666086798',
  Name: 'RASHEEDA P M',
  Denomination: '1000',
  Rebate: '',
  CNumber: 'ITK070161'
}
2023-07-10T17:36:22: >>>>>>>>>>>>>Details>>> [Object: null prototype] {
  Number: '4666086798',
  Name: 'RASHEEDA P M',
  Denomination: '1000',
  Rebate: '',
  CNumber: 'ITK070161'
}
2023-07-10T17:36:22: [0mPOST /addToList/ [32m200 [0m70.768 ms - 15[0m
2023-07-10T17:36:27: 186
2023-07-10T17:36:27: [
  {
    Number: '4931251715',
    Name: 'JITHU K RAJU',
    Denomination: '2000',
    CNumber: 'ITK070188',
    Ref_Number: '186'
  }
] --------------------------------
2023-07-10T17:36:27: [0mGET /?search=186 [32m200 [0m90.164 ms - 7346[0m
2023-07-10T17:36:27: [0mGET /javascripts/script.js [36m304 [0m3.731 ms - -[0m
2023-07-10T17:36:28: ------------------------- [Object: null prototype] {
  Number: '4931251715',
  Name: 'JITHU K RAJU',
  Denomination: '2000',
  Rebate: '',
  CNumber: 'ITK070188'
}
2023-07-10T17:36:28: >>>>>>>>>>>>>Details>>> [Object: null prototype] {
  Number: '4931251715',
  Name: 'JITHU K RAJU',
  Denomination: '2000',
  Rebate: '',
  CNumber: 'ITK070188'
}
2023-07-10T17:36:28: [0mPOST /addToList/ [32m200 [0m72.949 ms - 15[0m
2023-07-10T17:36:33: 187
2023-07-10T17:36:33: [
  {
    Number: '4931236583',
    Name: 'JESSY STEPHEN',
    Denomination: '1000',
    CNumber: 'ITK070189',
    Ref_Number: '187'
  }
] --------------------------------
2023-07-10T17:36:33: [0mGET /?search=187 [32m200 [0m76.919 ms - 7348[0m
2023-07-10T17:36:33: [0mGET /javascripts/script.js [36m304 [0m3.004 ms - -[0m
2023-07-10T17:36:35: ------------------------- [Object: null prototype] {
  Number: '4931236583',
  Name: 'JESSY STEPHEN',
  Denomination: '1000',
  Rebate: '',
  CNumber: 'ITK070189'
}
2023-07-10T17:36:35: >>>>>>>>>>>>>Details>>> [Object: null prototype] {
  Number: '4931236583',
  Name: 'JESSY STEPHEN',
  Denomination: '1000',
  Rebate: '',
  CNumber: 'ITK070189'
}
2023-07-10T17:36:35: [0mPOST /addToList/ [32m200 [0m71.872 ms - 15[0m
2023-07-10T17:36:58: ------------------------- [Object: null prototype] {
  Number: '4931236583',
  Name: 'JESSY STEPHEN',
  Denomination: '1000',
  Rebate: '',
  CNumber: 'ITK070189'
}
2023-07-10T17:36:58: >>>>>>>>>>>>>Details>>> [Object: null prototype] {
  Number: '4931236583',
  Name: 'JESSY STEPHEN',
  Denomination: '1000',
  Rebate: '',
  CNumber: 'ITK070189'
}
2023-07-10T17:36:59: [0mPOST /addToList/ [32m200 [0m35.903 ms - 16[0m
2023-07-10T17:37:19: 188
2023-07-10T17:37:19: [
  {
    Number: '4939134140',
    Name: 'LISSY T M',
    Denomination: '1000',
    CNumber: 'ITK070190',
    Ref_Number: '188'
  }
] --------------------------------
2023-07-10T17:37:19: [0mGET /?search=188 [32m200 [0m94.574 ms - 7340[0m
2023-07-10T17:37:19: [0mGET /javascripts/script.js [36m304 [0m3.122 ms - -[0m
2023-07-10T17:37:21: ------------------------- [Object: null prototype] {
  Number: '4939134140',
  Name: 'LISSY T M',
  Denomination: '1000',
  Rebate: '',
  CNumber: 'ITK070190'
}
2023-07-10T17:37:21: >>>>>>>>>>>>>Details>>> [Object: null prototype] {
  Number: '4939134140',
  Name: 'LISSY T M',
  Denomination: '1000',
  Rebate: '',
  CNumber: 'ITK070190'
}
2023-07-10T17:37:21: [0mPOST /addToList/ [32m200 [0m69.686 ms - 15[0m
2023-07-10T17:37:30: ------------------------- [Object: null prototype] {
  Number: '4939134140',
  Name: 'LISSY T M',
  Denomination: '1000',
  Rebate: '',
  CNumber: 'ITK070190'
}
2023-07-10T17:37:30: >>>>>>>>>>>>>Details>>> [Object: null prototype] {
  Number: '4939134140',
  Name: 'LISSY T M',
  Denomination: '1000',
  Rebate: '',
  CNumber: 'ITK070190'
}
2023-07-10T17:37:30: [0mPOST /addToList/ [32m200 [0m33.448 ms - 16[0m
2023-07-10T17:37:38: [
  {
    Name: 'KAVITHA.G.NAIR',
    Number: '020057204796',
    Denomination: 2000,
    CNumber: 'IUI082460',
    Rebate: 1
  },
  {
    Name: 'DR.K.SUDARSAN',
    Number: '020057207749',
    Denomination: 2000,
    CNumber: 'IUI082459',
    Rebate: 1
  },
  {
    Name: 'SHINY ELDHO',
    Number: '020065781546',
    Denomination: 1000,
    CNumber: 'IUI082472',
    Rebate: 1
  },
  {
    Name: 'MANJU VARGHESE',
    Number: '4173936791',
    Denomination: 1000,
    CNumber: 'IHW004568',
    Rebate: 1
  },
  {
    Name: 'DEEPU S NAIR',
    Number: '4173951176',
    Denomination: 2000,
    CNumber: 'IHW004569',
    Rebate: 1
  },
  {
    Name: 'PEETHAMBARAN K M',
    Number: '4297591241',
    Denomination: 1000,
    CNumber: 'IHW004582',
    Rebate: 1
  },
  {
    Name: 'LATHIKADEVI R',
    Number: '4308875599',
    Denomination: 500,
    CNumber: 'IHW004585',
    Rebate: 1
  },
  {
    Name: 'REMADEVI E G',
    Number: '4532787385',
    Denomination: 1000,
    CNumber: 'ITK070152',
    Rebate: 1
  },
  {
    Name: 'SHYLAJA P L',
    Number: '4564135468',
    Denomination: 1000,
    CNumber: 'ITK070153',
    Rebate: 1
  },
  {
    Name: 'SREEKUMAR K R',
    Number: '4582962817',
    Denomination: 1000,
    CNumber: 'ITK070155',
    Rebate: 1
  },
  {
    Name: 'REMYA P R',
    Number: '4582977866',
    Denomination: 1000,
    CNumber: 'ITK070156',
    Rebate: 1
  },
  {
    Name: 'RASHEEDA P M',
    Number: '4666086798',
    Denomination: 1000,
    CNumber: 'ITK070161',
    Rebate: 1
  },
  {
    Name: 'JESSY STEPHEN',
    Number: '4931236583',
    Denomination: 1000,
    CNumber: 'ITK070189',
    Rebate: 1
  },
  {
    Name: 'JITHU K RAJU',
    Number: '4931251715',
    Denomination: 2000,
    CNumber: 'ITK070188',
    Rebate: 1
  },
  {
    Name: 'LISSY T M',
    Number: '4939134140',
    Denomination: 1000,
    CNumber: 'ITK070190',
    Rebate: 1
  }
]
2023-07-10T17:37:38: [0mGET /final [32m200 [0m79.272 ms - 30381[0m
2023-07-10T17:37:38: [0mGET /javascripts/script.js [36m304 [0m3.004 ms - -[0m
2023-07-10T17:38:24: [0mPOST /deleteFromList [32m200 [0m60.314 ms - 21[0m
2023-07-10T17:38:24: [
  {
    Name: 'KAVITHA.G.NAIR',
    Number: '020057204796',
    Denomination: 2000,
    CNumber: 'IUI082460',
    Rebate: 1
  },
  {
    Name: 'DR.K.SUDARSAN',
    Number: '020057207749',
    Denomination: 2000,
    CNumber: 'IUI082459',
    Rebate: 1
  },
  {
    Name: 'SHINY ELDHO',
    Number: '020065781546',
    Denomination: 1000,
    CNumber: 'IUI082472',
    Rebate: 1
  },
  {
    Name: 'MANJU VARGHESE',
    Number: '4173936791',
    Denomination: 1000,
    CNumber: 'IHW004568',
    Rebate: 1
  },
  {
    Name: 'DEEPU S NAIR',
    Number: '4173951176',
    Denomination: 2000,
    CNumber: 'IHW004569',
    Rebate: 1
  },
  {
    Name: 'LATHIKADEVI R',
    Number: '4308875599',
    Denomination: 500,
    CNumber: 'IHW004585',
    Rebate: 1
  },
  {
    Name: 'REMADEVI E G',
    Number: '4532787385',
    Denomination: 1000,
    CNumber: 'ITK070152',
    Rebate: 1
  },
  {
    Name: 'SHYLAJA P L',
    Number: '4564135468',
    Denomination: 1000,
    CNumber: 'ITK070153',
    Rebate: 1
  },
  {
    Name: 'SREEKUMAR K R',
    Number: '4582962817',
    Denomination: 1000,
    CNumber: 'ITK070155',
    Rebate: 1
  },
  {
    Name: 'REMYA P R',
    Number: '4582977866',
    Denomination: 1000,
    CNumber: 'ITK070156',
    Rebate: 1
  },
  {
    Name: 'RASHEEDA P M',
    Number: '4666086798',
    Denomination: 1000,
    CNumber: 'ITK070161',
    Rebate: 1
  },
  {
    Name: 'JESSY STEPHEN',
    Number: '4931236583',
    Denomination: 1000,
    CNumber: 'ITK070189',
    Rebate: 1
  },
  {
    Name: 'JITHU K RAJU',
    Number: '4931251715',
    Denomination: 2000,
    CNumber: 'ITK070188',
    Rebate: 1
  },
  {
    Name: 'LISSY T M',
    Number: '4939134140',
    Denomination: 1000,
    CNumber: 'ITK070190',
    Rebate: 1
  }
]
2023-07-10T17:38:24: [0mGET /final [32m200 [0m90.720 ms - 28962[0m
2023-07-10T17:38:24: [0mGET /javascripts/script.js [36m304 [0m3.134 ms - -[0m
2023-07-10T17:40:58: undefined
2023-07-10T17:40:58: [0mGET / [36m304 [0m84.785 ms - -[0m
2023-07-10T17:40:58: [0mGET /javascripts/script.js [36m304 [0m4.197 ms - -[0m
2023-07-10T17:41:03: 211
2023-07-10T17:41:03: [
  {
    Ref_Number: '211',
    Name: 'RADHAKRISHNAN P S',
    Number: '020019343135',
    CNumber: 'ITK070216',
    Denomination: '2500'
  }
] --------------------------------
2023-07-10T17:41:03: [0mGET /?search=211 [32m200 [0m85.074 ms - 7360[0m
2023-07-10T17:41:03: [0mGET /javascripts/script.js [36m304 [0m3.110 ms - -[0m
2023-07-10T17:41:05: ------------------------- [Object: null prototype] {
  Number: '020019343135',
  Name: 'RADHAKRISHNAN P S',
  Denomination: '2500',
  Rebate: '',
  CNumber: 'ITK070216'
}
2023-07-10T17:41:05: >>>>>>>>>>>>>Details>>> [Object: null prototype] {
  Number: '020019343135',
  Name: 'RADHAKRISHNAN P S',
  Denomination: '2500',
  Rebate: '',
  CNumber: 'ITK070216'
}
2023-07-10T17:41:05: [0mPOST /addToList/ [32m200 [0m82.061 ms - 15[0m
2023-07-10T17:41:08: [
  {
    Name: 'RADHAKRISHNAN P S',
    Number: '020019343135',
    Denomination: 2500,
    CNumber: 'ITK070216',
    Rebate: 1
  },
  {
    Name: 'KAVITHA.G.NAIR',
    Number: '020057204796',
    Denomination: 2000,
    CNumber: 'IUI082460',
    Rebate: 1
  },
  {
    Name: 'DR.K.SUDARSAN',
    Number: '020057207749',
    Denomination: 2000,
    CNumber: 'IUI082459',
    Rebate: 1
  },
  {
    Name: 'SHINY ELDHO',
    Number: '020065781546',
    Denomination: 1000,
    CNumber: 'IUI082472',
    Rebate: 1
  },
  {
    Name: 'MANJU VARGHESE',
    Number: '4173936791',
    Denomination: 1000,
    CNumber: 'IHW004568',
    Rebate: 1
  },
  {
    Name: 'DEEPU S NAIR',
    Number: '4173951176',
    Denomination: 2000,
    CNumber: 'IHW004569',
    Rebate: 1
  },
  {
    Name: 'LATHIKADEVI R',
    Number: '4308875599',
    Denomination: 500,
    CNumber: 'IHW004585',
    Rebate: 1
  },
  {
    Name: 'REMADEVI E G',
    Number: '4532787385',
    Denomination: 1000,
    CNumber: 'ITK070152',
    Rebate: 1
  },
  {
    Name: 'SHYLAJA P L',
    Number: '4564135468',
    Denomination: 1000,
    CNumber: 'ITK070153',
    Rebate: 1
  },
  {
    Name: 'SREEKUMAR K R',
    Number: '4582962817',
    Denomination: 1000,
    CNumber: 'ITK070155',
    Rebate: 1
  },
  {
    Name: 'REMYA P R',
    Number: '4582977866',
    Denomination: 1000,
    CNumber: 'ITK070156',
    Rebate: 1
  },
  {
    Name: 'RASHEEDA P M',
    Number: '4666086798',
    Denomination: 1000,
    CNumber: 'ITK070161',
    Rebate: 1
  },
  {
    Name: 'JESSY STEPHEN',
    Number: '4931236583',
    Denomination: 1000,
    CNumber: 'ITK070189',
    Rebate: 1
  },
  {
    Name: 'JITHU K RAJU',
    Number: '4931251715',
    Denomination: 2000,
    CNumber: 'ITK070188',
    Rebate: 1
  },
  {
    Name: 'LISSY T M',
    Number: '4939134140',
    Denomination: 1000,
    CNumber: 'ITK070190',
    Rebate: 1
  }
]
2023-07-10T17:41:08: [0mGET /final [32m200 [0m75.611 ms - 30398[0m
2023-07-10T17:41:08: [0mGET /javascripts/script.js [36m304 [0m2.622 ms - -[0m
2023-07-10T17:42:51: [0mGET /genarateList [32m200 [0m77230.688 ms - 16[0m
2023-07-10T17:43:39: [
  {
    Name: 'RADHAKRISHNAN P S',
    Number: '020019343135',
    Denomination: 2500,
    CNumber: 'ITK070216',
    Rebate: 1
  },
  {
    Name: 'KAVITHA.G.NAIR',
    Number: '020057204796',
    Denomination: 2000,
    CNumber: 'IUI082460',
    Rebate: 1
  },
  {
    Name: 'DR.K.SUDARSAN',
    Number: '020057207749',
    Denomination: 2000,
    CNumber: 'IUI082459',
    Rebate: 1
  },
  {
    Name: 'SHINY ELDHO',
    Number: '020065781546',
    Denomination: 1000,
    CNumber: 'IUI082472',
    Rebate: 1
  },
  {
    Name: 'MANJU VARGHESE',
    Number: '4173936791',
    Denomination: 1000,
    CNumber: 'IHW004568',
    Rebate: 1
  },
  {
    Name: 'DEEPU S NAIR',
    Number: '4173951176',
    Denomination: 2000,
    CNumber: 'IHW004569',
    Rebate: 1
  },
  {
    Name: 'LATHIKADEVI R',
    Number: '4308875599',
    Denomination: 500,
    CNumber: 'IHW004585',
    Rebate: 1
  },
  {
    Name: 'REMADEVI E G',
    Number: '4532787385',
    Denomination: 1000,
    CNumber: 'ITK070152',
    Rebate: 1
  },
  {
    Name: 'SHYLAJA P L',
    Number: '4564135468',
    Denomination: 1000,
    CNumber: 'ITK070153',
    Rebate: 1
  },
  {
    Name: 'SREEKUMAR K R',
    Number: '4582962817',
    Denomination: 1000,
    CNumber: 'ITK070155',
    Rebate: 1
  },
  {
    Name: 'REMYA P R',
    Number: '4582977866',
    Denomination: 1000,
    CNumber: 'ITK070156',
    Rebate: 1
  },
  {
    Name: 'RASHEEDA P M',
    Number: '4666086798',
    Denomination: 1000,
    CNumber: 'ITK070161',
    Rebate: 1
  },
  {
    Name: 'JESSY STEPHEN',
    Number: '4931236583',
    Denomination: 1000,
    CNumber: 'ITK070189',
    Rebate: 1
  },
  {
    Name: 'JITHU K RAJU',
    Number: '4931251715',
    Denomination: 2000,
    CNumber: 'ITK070188',
    Rebate: 1
  },
  {
    Name: 'LISSY T M',
    Number: '4939134140',
    Denomination: 1000,
    CNumber: 'ITK070190',
    Rebate: 1
  }
]
2023-07-10T17:43:39: [0mGET /final [36m304 [0m316.354 ms - -[0m
2023-07-10T17:43:40: [0mGET /javascripts/script.js [36m304 [0m4.893 ms - -[0m
2023-07-10T17:43:43: [0mGET /finish [36m302 [0m58.547 ms - 46[0m
2023-07-10T17:43:43: undefined
2023-07-10T17:43:43: [0mGET / [36m304 [0m88.772 ms - -[0m
2023-07-10T17:43:43: [0mGET /javascripts/script.js [36m304 [0m2.673 ms - -[0m
2023-07-11T09:12:16: Tue, 11 Jul 2023 03:42:16 GMT express-session deprecated undefined resave option; provide resave option at app.js:23:9
2023-07-11T09:12:16: Tue, 11 Jul 2023 03:42:16 GMT express-session deprecated undefined resave option; provide resave option at app.js:23:9
2023-07-11T09:12:16: Tue, 11 Jul 2023 03:42:16 GMT express-session deprecated undefined resave option; provide resave option at app.js:23:9
2023-07-11T09:12:16: Tue, 11 Jul 2023 03:42:16 GMT express-session deprecated undefined saveUninitialized option; provide saveUninitialized option at app.js:23:9
2023-07-11T09:12:16: Tue, 11 Jul 2023 03:42:16 GMT express-session deprecated undefined saveUninitialized option; provide saveUninitialized option at app.js:23:9
2023-07-11T09:12:16: Tue, 11 Jul 2023 03:42:16 GMT express-session deprecated undefined saveUninitialized option; provide saveUninitialized option at app.js:23:9
2023-07-11T09:12:17:  Connected to Database
2023-07-11T09:12:18:  Connected to Database
2023-07-11T09:12:19:  Connected to Database
2023-07-12T11:38:04: Wed, 12 Jul 2023 06:08:04 GMT express-session deprecated undefined resave option; provide resave option at app.js:23:9
2023-07-12T11:38:04: Wed, 12 Jul 2023 06:08:04 GMT express-session deprecated undefined resave option; provide resave option at app.js:23:9
2023-07-12T11:38:04: Wed, 12 Jul 2023 06:08:04 GMT express-session deprecated undefined resave option; provide resave option at app.js:23:9
2023-07-12T11:38:04: Wed, 12 Jul 2023 06:08:04 GMT express-session deprecated undefined saveUninitialized option; provide saveUninitialized option at app.js:23:9
2023-07-12T11:38:04: Wed, 12 Jul 2023 06:08:04 GMT express-session deprecated undefined saveUninitialized option; provide saveUninitialized option at app.js:23:9
2023-07-12T11:38:04: Wed, 12 Jul 2023 06:08:04 GMT express-session deprecated undefined saveUninitialized option; provide saveUninitialized option at app.js:23:9
2023-07-12T11:38:07:  Connected to Database
2023-07-12T11:38:07:  Connected to Database
2023-07-12T11:38:07:  Connected to Database
2023-07-12T11:43:40: [0mGET / [36m302 [0m52.587 ms - 56[0m
2023-07-12T11:43:40: [0mGET /login [32m200 [0m457.486 ms - 5378[0m
2023-07-12T11:43:40: [0mGET /javascripts/script.js [32m200 [0m49.257 ms - 3273[0m
2023-07-12T11:43:41: Handlebars: Access has been denied to resolve the property "status" because it is not an "own property" of its parent.
You can add a runtime option to disable the check or this warning:
See https://handlebarsjs.com/api-reference/runtime-options.html#options-to-control-prototype-access for details
2023-07-12T11:43:41: [0mGET /favicon.ico [33m404 [0m47.923 ms - 5116[0m
2023-07-12T11:43:43: [0mPOST /login [36m302 [0m526.073 ms - 46[0m
2023-07-12T11:43:43: undefined
2023-07-12T11:43:43: [0mGET / [32m200 [0m159.920 ms - 101358[0m
2023-07-12T11:43:43: [0mGET /javascripts/script.js [36m304 [0m5.438 ms - -[0m
2023-07-12T11:43:45: [0mGET /changepassword [32m200 [0m46.618 ms - 7963[0m
2023-07-12T11:43:45: [0mGET /javascripts/script.js [36m304 [0m3.984 ms - -[0m
2023-07-12T11:44:26: [Object: null prototype] {
  Cpass: 'rd12345678rd#',
  Npass: 'dr12345678dr#',
  CNpass: 'dr12345678dr#'
}
2023-07-12T11:44:27: oldpassword match
2023-07-12T11:44:27: [0mPOST /changedoppass [36m302 [0m527.809 ms - 46[0m
2023-07-12T11:44:27: undefined
2023-07-12T11:44:27: [0mGET / [36m304 [0m91.461 ms - -[0m
2023-07-12T11:44:27: [0mGET /javascripts/script.js [36m304 [0m3.897 ms - -[0m
2023-07-12T11:44:34: ------------------------- [Object: null prototype] {
  Number: '3799414133',
  Name: 'GOURI KRISHNA',
  Denomination: '2000',
  Rebate: '',
  CNumber: 'IHW0045521'
}
2023-07-12T11:44:34: >>>>>>>>>>>>>Details>>> [Object: null prototype] {
  Number: '3799414133',
  Name: 'GOURI KRISHNA',
  Denomination: '2000',
  Rebate: '',
  CNumber: 'IHW0045521'
}
2023-07-12T11:44:34: [0mPOST /addToList/ [32m200 [0m85.379 ms - 15[0m
2023-07-12T11:44:36: [
  {
    Name: 'GOURI KRISHNA',
    Number: '3799414133',
    Denomination: 2000,
    CNumber: 'IHW0045521',
    Rebate: 1
  }
]
2023-07-12T11:44:36: [0mGET /final [32m200 [0m102.415 ms - 10521[0m
2023-07-12T11:44:36: [0mGET /javascripts/script.js [36m304 [0m3.356 ms - -[0m
2023-07-12T11:45:20: undefined
2023-07-12T11:45:27: [0mGET / [0m- [0m- ms - -[0m
2023-07-12T11:45:27: undefined
2023-07-12T11:45:27: [0mGET / [0m- [0m- ms - -[0m
2023-07-12T11:45:27: undefined
2023-07-12T11:45:27: [0mGET / [0m- [0m- ms - -[0m
2023-07-12T11:45:27: undefined
2023-07-12T11:45:31: [0mGET / [32m200 [0m3942.441 ms - 101358[0m
2023-07-12T11:45:31: [0mGET /javascripts/script.js [36m304 [0m6.406 ms - -[0m
2023-07-12T11:45:34: [
  {
    Name: 'GOURI KRISHNA',
    Number: '3799414133',
    Denomination: 2000,
    CNumber: 'IHW0045521',
    Rebate: 1
  }
]
2023-07-12T11:45:34: [0mGET /final [36m304 [0m99.313 ms - -[0m
2023-07-12T11:45:34: [0mGET /javascripts/script.js [36m304 [0m3.139 ms - -[0m
2023-07-12T11:46:29: [0mGET /genarateList [0m- [0m- ms - -[0m
2023-07-12T11:46:29: undefined
2023-07-12T11:46:39: [0mGET / [36m304 [0m10753.361 ms - -[0m
2023-07-12T11:46:39: [0mGET /javascripts/script.js [36m304 [0m3.248 ms - -[0m
2023-07-12T11:46:45: [
  {
    Name: 'GOURI KRISHNA',
    Number: '3799414133',
    Denomination: 2000,
    CNumber: 'IHW0045521',
    Rebate: 1
  }
]
2023-07-12T11:46:45: [0mGET /final [36m304 [0m107.493 ms - -[0m
2023-07-12T11:46:45: [0mGET /javascripts/script.js [36m304 [0m3.207 ms - -[0m
2023-07-12T11:46:48: [0mGET /finish [36m302 [0m46.897 ms - 46[0m
2023-07-12T11:46:48: undefined
2023-07-12T11:46:48: [0mGET / [36m304 [0m107.769 ms - -[0m
2023-07-12T11:46:48: [0mGET /javascripts/script.js [36m304 [0m3.362 ms - -[0m
2023-07-12T11:46:55: [0mGET /genarateList [0m- [0m- ms - -[0m
2023-07-12T13:15:37: Wed, 12 Jul 2023 07:45:37 GMT express-session deprecated undefined resave option; provide resave option at app.js:23:9
2023-07-12T13:15:37: Wed, 12 Jul 2023 07:45:37 GMT express-session deprecated undefined resave option; provide resave option at app.js:23:9
2023-07-12T13:15:37: Wed, 12 Jul 2023 07:45:37 GMT express-session deprecated undefined resave option; provide resave option at app.js:23:9
2023-07-12T13:15:37: Wed, 12 Jul 2023 07:45:37 GMT express-session deprecated undefined saveUninitialized option; provide saveUninitialized option at app.js:23:9
2023-07-12T13:15:37: Wed, 12 Jul 2023 07:45:37 GMT express-session deprecated undefined saveUninitialized option; provide saveUninitialized option at app.js:23:9
2023-07-12T13:15:37: Wed, 12 Jul 2023 07:45:37 GMT express-session deprecated undefined saveUninitialized option; provide saveUninitialized option at app.js:23:9
2023-07-12T13:15:38:  Connected to Database
2023-07-12T13:15:38:  Connected to Database
2023-07-12T13:15:38:  Connected to Database
2023-07-15T08:50:13: Sat, 15 Jul 2023 03:20:13 GMT express-session deprecated undefined resave option; provide resave option at app.js:23:9
2023-07-15T08:50:13: Sat, 15 Jul 2023 03:20:13 GMT express-session deprecated undefined resave option; provide resave option at app.js:23:9
2023-07-15T08:50:13: Sat, 15 Jul 2023 03:20:13 GMT express-session deprecated undefined resave option; provide resave option at app.js:23:9
2023-07-15T08:50:13: Sat, 15 Jul 2023 03:20:13 GMT express-session deprecated undefined saveUninitialized option; provide saveUninitialized option at app.js:23:9
2023-07-15T08:50:13: Sat, 15 Jul 2023 03:20:13 GMT express-session deprecated undefined saveUninitialized option; provide saveUninitialized option at app.js:23:9
2023-07-15T08:50:13: Sat, 15 Jul 2023 03:20:13 GMT express-session deprecated undefined saveUninitialized option; provide saveUninitialized option at app.js:23:9
2023-07-15T08:50:14:  Connected to Database
2023-07-15T08:50:15:  Connected to Database
2023-07-15T08:50:16:  Connected to Database
2023-07-17T08:57:41: Mon, 17 Jul 2023 03:27:41 GMT express-session deprecated undefined resave option; provide resave option at app.js:23:9
2023-07-17T08:57:41: Mon, 17 Jul 2023 03:27:41 GMT express-session deprecated undefined resave option; provide resave option at app.js:23:9
2023-07-17T08:57:41: Mon, 17 Jul 2023 03:27:41 GMT express-session deprecated undefined resave option; provide resave option at app.js:23:9
2023-07-17T08:57:41: Mon, 17 Jul 2023 03:27:41 GMT express-session deprecated undefined saveUninitialized option; provide saveUninitialized option at app.js:23:9
2023-07-17T08:57:41: Mon, 17 Jul 2023 03:27:41 GMT express-session deprecated undefined saveUninitialized option; provide saveUninitialized option at app.js:23:9
2023-07-17T08:57:41: Mon, 17 Jul 2023 03:27:41 GMT express-session deprecated undefined saveUninitialized option; provide saveUninitialized option at app.js:23:9
2023-07-17T08:57:43:  Connected to Database
2023-07-17T08:57:43:  Connected to Database
2023-07-17T08:57:44:  Connected to Database
2023-07-17T11:56:24: Mon, 17 Jul 2023 06:26:24 GMT express-session deprecated undefined resave option; provide resave option at app.js:23:9
2023-07-17T11:56:24: Mon, 17 Jul 2023 06:26:24 GMT express-session deprecated undefined resave option; provide resave option at app.js:23:9
2023-07-17T11:56:24: Mon, 17 Jul 2023 06:26:24 GMT express-session deprecated undefined resave option; provide resave option at app.js:23:9
2023-07-17T11:56:24: Mon, 17 Jul 2023 06:26:24 GMT express-session deprecated undefined saveUninitialized option; provide saveUninitialized option at app.js:23:9
2023-07-17T11:56:24: Mon, 17 Jul 2023 06:26:24 GMT express-session deprecated undefined saveUninitialized option; provide saveUninitialized option at app.js:23:9
2023-07-17T11:56:24: Mon, 17 Jul 2023 06:26:24 GMT express-session deprecated undefined saveUninitialized option; provide saveUninitialized option at app.js:23:9
2023-07-17T11:56:25: [0mGET / [36m302 [0m88.194 ms - 56[0m
2023-07-17T11:56:25: [0mGET /login [32m200 [0m354.885 ms - 5378[0m
2023-07-17T11:56:25: [0mGET /javascripts/script.js [32m200 [0m95.830 ms - 3273[0m
2023-07-17T11:56:26:  Connected to Database
2023-07-17T11:56:26:  Connected to Database
2023-07-17T11:56:27:  Connected to Database
2023-07-17T11:56:27: Handlebars: Access has been denied to resolve the property "status" because it is not an "own property" of its parent.
You can add a runtime option to disable the check or this warning:
See https://handlebarsjs.com/api-reference/runtime-options.html#options-to-control-prototype-access for details
2023-07-17T11:56:27: [0mGET /favicon.ico [33m404 [0m75.642 ms - 5116[0m
2023-07-17T11:56:30: [0mPOST /login [36m302 [0m1629.912 ms - 46[0m
2023-07-17T11:56:30: undefined
2023-07-17T11:56:30: [0mGET / [32m200 [0m202.128 ms - 101358[0m
2023-07-17T11:56:30: [0mGET /javascripts/script.js [36m304 [0m3.788 ms - -[0m
2023-07-17T11:56:34: []
2023-07-17T11:56:35: [0mGET /final [32m200 [0m92.940 ms - 9100[0m
2023-07-17T11:56:35: [0mGET /javascripts/script.js [36m304 [0m4.868 ms - -[0m
2023-07-17T11:56:37: [0mGET /finish [36m302 [0m167.128 ms - 46[0m
2023-07-17T11:56:37: undefined
2023-07-17T11:56:37: [0mGET / [36m304 [0m129.991 ms - -[0m
2023-07-17T11:56:37: [0mGET /javascripts/script.js [36m304 [0m3.548 ms - -[0m
2023-07-17T11:56:49: 115
2023-07-17T11:56:50: [
  {
    Number: '4148662625',
    Name: 'SEEJI C',
    Denomination: '1000',
    CNumber: 'IHW004563',
    Ref_Number: '115'
  }
] --------------------------------
2023-07-17T11:56:50: [0mGET /?search=115 [32m200 [0m110.971 ms - 7336[0m
2023-07-17T11:56:50: [0mGET /javascripts/script.js [36m304 [0m4.890 ms - -[0m
2023-07-17T11:56:52: ------------------------- [Object: null prototype] {
  Number: '4148662625',
  Name: 'SEEJI C',
  Denomination: '1000',
  Rebate: '',
  CNumber: 'IHW004563'
}
2023-07-17T11:56:52: >>>>>>>>>>>>>Details>>> [Object: null prototype] {
  Number: '4148662625',
  Name: 'SEEJI C',
  Denomination: '1000',
  Rebate: '',
  CNumber: 'IHW004563'
}
2023-07-17T11:56:52: [0mPOST /addToList/ [32m200 [0m116.811 ms - 15[0m
2023-07-17T11:56:57: 116
2023-07-17T11:56:57: [
  {
    Number: '4148676837',
    Name: 'SURENDRAN T D',
    Denomination: '1000',
    CNumber: 'IHW004564',
    Ref_Number: '116'
  }
] --------------------------------
2023-07-17T11:56:57: [0mGET /?search=116 [32m200 [0m106.881 ms - 7348[0m
2023-07-17T11:56:57: [0mGET /javascripts/script.js [36m304 [0m4.535 ms - -[0m
2023-07-17T11:56:59: ------------------------- [Object: null prototype] {
  Number: '4148676837',
  Name: 'SURENDRAN T D',
  Denomination: '1000',
  Rebate: '',
  CNumber: 'IHW004564'
}
2023-07-17T11:56:59: >>>>>>>>>>>>>Details>>> [Object: null prototype] {
  Number: '4148676837',
  Name: 'SURENDRAN T D',
  Denomination: '1000',
  Rebate: '',
  CNumber: 'IHW004564'
}
2023-07-17T11:56:59: [0mPOST /addToList/ [32m200 [0m111.418 ms - 15[0m
2023-07-17T11:57:04: 117
2023-07-17T11:57:04: [
  {
    Number: '4148709023',
    Name: 'REGI PAUL',
    Denomination: '2000',
    CNumber: 'IHW004565',
    Ref_Number: '117'
  }
] --------------------------------
2023-07-17T11:57:05: [0mGET /?search=117 [32m200 [0m117.641 ms - 7340[0m
2023-07-17T11:57:05: [0mGET /javascripts/script.js [36m304 [0m3.324 ms - -[0m
2023-07-17T11:57:06: ------------------------- [Object: null prototype] {
  Number: '4148709023',
  Name: 'REGI PAUL',
  Denomination: '2000',
  Rebate: '',
  CNumber: 'IHW004565'
}
2023-07-17T11:57:06: >>>>>>>>>>>>>Details>>> [Object: null prototype] {
  Number: '4148709023',
  Name: 'REGI PAUL',
  Denomination: '2000',
  Rebate: '',
  CNumber: 'IHW004565'
}
2023-07-17T11:57:06: [0mPOST /addToList/ [32m200 [0m97.972 ms - 15[0m
2023-07-17T11:57:11: 126
2023-07-17T11:57:11: [
  {
    Number: '4205990715',
    Name: 'MEENA KUMARI',
    Denomination: '1000',
    CNumber: 'IHW004574',
    Ref_Number: '126'
  }
] --------------------------------
2023-07-17T11:57:11: [0mGET /?search=126 [32m200 [0m128.678 ms - 7346[0m
2023-07-17T11:57:11: [0mGET /javascripts/script.js [36m304 [0m3.926 ms - -[0m
2023-07-17T11:57:13: ------------------------- [Object: null prototype] {
  Number: '4205990715',
  Name: 'MEENA KUMARI',
  Denomination: '1000',
  Rebate: '',
  CNumber: 'IHW004574'
}
2023-07-17T11:57:13: >>>>>>>>>>>>>Details>>> [Object: null prototype] {
  Number: '4205990715',
  Name: 'MEENA KUMARI',
  Denomination: '1000',
  Rebate: '',
  CNumber: 'IHW004574'
}
2023-07-17T11:57:13: [0mPOST /addToList/ [32m200 [0m104.297 ms - 15[0m
2023-07-17T11:57:18: 135
2023-07-17T11:57:18: [
  {
    Number: '4308810422',
    Name: 'SHENCY VARGHESE',
    Denomination: '5000',
    CNumber: 'IHW004583',
    Ref_Number: '135'
  }
] --------------------------------
2023-07-17T11:57:18: [0mGET /?search=135 [32m200 [0m148.999 ms - 7352[0m
2023-07-17T11:57:18: [0mGET /javascripts/script.js [36m304 [0m4.435 ms - -[0m
2023-07-17T11:57:21: ------------------------- [Object: null prototype] {
  Number: '4308810422',
  Name: 'SHENCY VARGHESE',
  Denomination: '5000',
  Rebate: '',
  CNumber: 'IHW004583'
}
2023-07-17T11:57:21: >>>>>>>>>>>>>Details>>> [Object: null prototype] {
  Number: '4308810422',
  Name: 'SHENCY VARGHESE',
  Denomination: '5000',
  Rebate: '',
  CNumber: 'IHW004583'
}
2023-07-17T11:57:21: [0mPOST /addToList/ [32m200 [0m102.295 ms - 15[0m
2023-07-17T11:57:26: 151
2023-07-17T11:57:26: [
  {
    Number: '4459325219',
    Name: 'SWAPNA AUSTIN',
    Denomination: '1500',
    CNumber: 'IHW004599',
    Ref_Number: '151'
  }
] --------------------------------
2023-07-17T11:57:26: [0mGET /?search=151 [32m200 [0m106.403 ms - 7348[0m
2023-07-17T11:57:26: [0mGET /javascripts/script.js [36m304 [0m3.198 ms - -[0m
2023-07-17T11:57:28: ------------------------- [Object: null prototype] {
  Number: '4459325219',
  Name: 'SWAPNA AUSTIN',
  Denomination: '1500',
  Rebate: '',
  CNumber: 'IHW004599'
}
2023-07-17T11:57:28: >>>>>>>>>>>>>Details>>> [Object: null prototype] {
  Number: '4459325219',
  Name: 'SWAPNA AUSTIN',
  Denomination: '1500',
  Rebate: '',
  CNumber: 'IHW004599'
}
2023-07-17T11:57:28: [0mPOST /addToList/ [32m200 [0m114.920 ms - 15[0m
2023-07-17T11:57:33: 152
2023-07-17T11:57:33: [
  {
    Number: '4459361859',
    Name: 'ELSY PONNUSWAMY',
    Denomination: '1000',
    CNumber: 'IHW004600',
    Ref_Number: '152'
  }
] --------------------------------
2023-07-17T11:57:33: [0mGET /?search=152 [32m200 [0m114.574 ms - 7352[0m
2023-07-17T11:57:33: [0mGET /javascripts/script.js [36m304 [0m3.396 ms - -[0m
2023-07-17T11:57:35: ------------------------- [Object: null prototype] {
  Number: '4459361859',
  Name: 'ELSY PONNUSWAMY',
  Denomination: '1000',
  Rebate: '',
  CNumber: 'IHW004600'
}
2023-07-17T11:57:35: >>>>>>>>>>>>>Details>>> [Object: null prototype] {
  Number: '4459361859',
  Name: 'ELSY PONNUSWAMY',
  Denomination: '1000',
  Rebate: '',
  CNumber: 'IHW004600'
}
2023-07-17T11:57:35: [0mPOST /addToList/ [32m200 [0m104.699 ms - 15[0m
2023-07-17T11:57:40: 159
2023-07-17T11:57:40: [
  {
    Number: '4586691966',
    Name: 'MEERA VIDYASAGAR',
    Denomination: '1000',
    CNumber: 'ITK070158',
    Ref_Number: '159'
  }
] --------------------------------
2023-07-17T11:57:40: [0mGET /?search=159 [32m200 [0m125.849 ms - 7354[0m
2023-07-17T11:57:40: [0mGET /javascripts/script.js [36m304 [0m4.554 ms - -[0m
2023-07-17T11:57:41: ------------------------- [Object: null prototype] {
  Number: '4586691966',
  Name: 'MEERA VIDYASAGAR',
  Denomination: '1000',
  Rebate: '',
  CNumber: 'ITK070158'
}
2023-07-17T11:57:41: >>>>>>>>>>>>>Details>>> [Object: null prototype] {
  Number: '4586691966',
  Name: 'MEERA VIDYASAGAR',
  Denomination: '1000',
  Rebate: '',
  CNumber: 'ITK070158'
}
2023-07-17T11:57:41: [0mPOST /addToList/ [32m200 [0m101.074 ms - 15[0m
2023-07-17T11:57:49: 167
2023-07-17T11:57:49: [
  {
    Number: '4692282614',
    Name: 'AMBILY U',
    Denomination: '500',
    CNumber: 'ITK070166',
    Ref_Number: '167'
  }
] --------------------------------
2023-07-17T11:57:49: [0mGET /?search=167 [32m200 [0m129.765 ms - 7336[0m
2023-07-17T11:57:49: [0mGET /javascripts/script.js [36m304 [0m3.287 ms - -[0m
2023-07-17T11:57:53: ------------------------- [Object: null prototype] {
  Number: '4692282614',
  Name: 'AMBILY U',
  Denomination: '500',
  Rebate: '',
  CNumber: 'ITK070166'
}
2023-07-17T11:57:53: >>>>>>>>>>>>>Details>>> [Object: null prototype] {
  Number: '4692282614',
  Name: 'AMBILY U',
  Denomination: '500',
  Rebate: '',
  CNumber: 'ITK070166'
}
2023-07-17T11:57:53: [0mPOST /addToList/ [32m200 [0m136.537 ms - 15[0m
2023-07-17T11:58:03: 168
2023-07-17T11:58:03: [
  {
    Number: '4692298585',
    Name: 'SHIJI SAJU',
    Denomination: '3000',
    CNumber: 'ITK070167',
    Ref_Number: '168'
  }
] --------------------------------
2023-07-17T11:58:03: [0mGET /?search=168 [32m200 [0m124.300 ms - 7342[0m
2023-07-17T11:58:03: [0mGET /javascripts/script.js [36m304 [0m5.494 ms - -[0m
2023-07-17T11:58:06: ------------------------- [Object: null prototype] {
  Number: '4692298585',
  Name: 'SHIJI SAJU',
  Denomination: '3000',
  Rebate: '',
  CNumber: 'ITK070167'
}
2023-07-17T11:58:06: >>>>>>>>>>>>>Details>>> [Object: null prototype] {
  Number: '4692298585',
  Name: 'SHIJI SAJU',
  Denomination: '3000',
  Rebate: '',
  CNumber: 'ITK070167'
}
2023-07-17T11:58:06: [0mPOST /addToList/ [32m200 [0m99.590 ms - 15[0m
2023-07-17T11:58:13: 169
2023-07-17T11:58:14: [
  {
    Number: '4692286537',
    Name: 'SHIJI SAJU',
    Denomination: '2000',
    CNumber: 'ITK070168',
    Ref_Number: '169'
  }
] --------------------------------
2023-07-17T11:58:14: [0mGET /?search=169 [32m200 [0m106.712 ms - 7342[0m
2023-07-17T11:58:14: [0mGET /javascripts/script.js [36m304 [0m4.149 ms - -[0m
2023-07-17T11:58:17: ------------------------- [Object: null prototype] {
  Number: '4692286537',
  Name: 'SHIJI SAJU',
  Denomination: '2000',
  Rebate: '',
  CNumber: 'ITK070168'
}
2023-07-17T11:58:17: >>>>>>>>>>>>>Details>>> [Object: null prototype] {
  Number: '4692286537',
  Name: 'SHIJI SAJU',
  Denomination: '2000',
  Rebate: '',
  CNumber: 'ITK070168'
}
2023-07-17T11:58:17: [0mPOST /addToList/ [32m200 [0m101.629 ms - 15[0m
2023-07-17T11:58:22: 183
2023-07-17T11:58:22: [
  {
    Number: '4870568394',
    Name: 'SUGATHAMMA',
    Denomination: '1000',
    CNumber: 'ITK070185',
    Ref_Number: '183'
  }
] --------------------------------
2023-07-17T11:58:22: [0mGET /?search=183 [32m200 [0m113.939 ms - 7342[0m
2023-07-17T11:58:22: [0mGET /javascripts/script.js [36m304 [0m4.007 ms - -[0m
2023-07-17T11:58:25: ------------------------- [Object: null prototype] {
  Number: '4870568394',
  Name: 'SUGATHAMMA',
  Denomination: '1000',
  Rebate: '',
  CNumber: 'ITK070185'
}
2023-07-17T11:58:25: >>>>>>>>>>>>>Details>>> [Object: null prototype] {
  Number: '4870568394',
  Name: 'SUGATHAMMA',
  Denomination: '1000',
  Rebate: '',
  CNumber: 'ITK070185'
}
2023-07-17T11:58:25: [0mPOST /addToList/ [32m200 [0m98.388 ms - 15[0m
2023-07-17T11:58:30: [
  {
    Name: 'SEEJI C',
    Number: '4148662625',
    Denomination: 1000,
    CNumber: 'IHW004563',
    Rebate: 1
  },
  {
    Name: 'SURENDRAN T D',
    Number: '4148676837',
    Denomination: 1000,
    CNumber: 'IHW004564',
    Rebate: 1
  },
  {
    Name: 'REGI PAUL',
    Number: '4148709023',
    Denomination: 2000,
    CNumber: 'IHW004565',
    Rebate: 1
  },
  {
    Name: 'MEENA KUMARI',
    Number: '4205990715',
    Denomination: 1000,
    CNumber: 'IHW004574',
    Rebate: 1
  },
  {
    Name: 'SHENCY VARGHESE',
    Number: '4308810422',
    Denomination: 5000,
    CNumber: 'IHW004583',
    Rebate: 1
  },
  {
    Name: 'SWAPNA AUSTIN',
    Number: '4459325219',
    Denomination: 1500,
    CNumber: 'IHW004599',
    Rebate: 1
  },
  {
    Name: 'ELSY PONNUSWAMY',
    Number: '4459361859',
    Denomination: 1000,
    CNumber: 'IHW004600',
    Rebate: 1
  },
  {
    Name: 'MEERA VIDYASAGAR',
    Number: '4586691966',
    Denomination: 1000,
    CNumber: 'ITK070158',
    Rebate: 1
  },
  {
    Name: 'AMBILY U',
    Number: '4692282614',
    Denomination: 500,
    CNumber: 'ITK070166',
    Rebate: 1
  },
  {
    Name: 'SHIJI SAJU',
    Number: '4692286537',
    Denomination: 2000,
    CNumber: 'ITK070168',
    Rebate: 1
  },
  {
    Name: 'SHIJI SAJU',
    Number: '4692298585',
    Denomination: 3000,
    CNumber: 'ITK070167',
    Rebate: 1
  },
  {
    Name: 'SUGATHAMMA',
    Number: '4870568394',
    Denomination: 1000,
    CNumber: 'ITK070185',
    Rebate: 1
  }
]
2023-07-17T11:58:30: [0mGET /final [32m200 [0m115.119 ms - 26078[0m
2023-07-17T11:58:30: [0mGET /javascripts/script.js [36m304 [0m3.125 ms - -[0m
2023-07-17T12:00:21: [0mGET /genarateList [32m200 [0m95680.660 ms - 16[0m
2023-07-17T12:02:37: [
  {
    Name: 'SEEJI C',
    Number: '4148662625',
    Denomination: 1000,
    CNumber: 'IHW004563',
    Rebate: 1
  },
  {
    Name: 'SURENDRAN T D',
    Number: '4148676837',
    Denomination: 1000,
    CNumber: 'IHW004564',
    Rebate: 1
  },
  {
    Name: 'REGI PAUL',
    Number: '4148709023',
    Denomination: 2000,
    CNumber: 'IHW004565',
    Rebate: 1
  },
  {
    Name: 'MEENA KUMARI',
    Number: '4205990715',
    Denomination: 1000,
    CNumber: 'IHW004574',
    Rebate: 1
  },
  {
    Name: 'SHENCY VARGHESE',
    Number: '4308810422',
    Denomination: 5000,
    CNumber: 'IHW004583',
    Rebate: 1
  },
  {
    Name: 'SWAPNA AUSTIN',
    Number: '4459325219',
    Denomination: 1500,
    CNumber: 'IHW004599',
    Rebate: 1
  },
  {
    Name: 'ELSY PONNUSWAMY',
    Number: '4459361859',
    Denomination: 1000,
    CNumber: 'IHW004600',
    Rebate: 1
  },
  {
    Name: 'MEERA VIDYASAGAR',
    Number: '4586691966',
    Denomination: 1000,
    CNumber: 'ITK070158',
    Rebate: 1
  },
  {
    Name: 'AMBILY U',
    Number: '4692282614',
    Denomination: 500,
    CNumber: 'ITK070166',
    Rebate: 1
  },
  {
    Name: 'SHIJI SAJU',
    Number: '4692286537',
    Denomination: 2000,
    CNumber: 'ITK070168',
    Rebate: 1
  },
  {
    Name: 'SHIJI SAJU',
    Number: '4692298585',
    Denomination: 3000,
    CNumber: 'ITK070167',
    Rebate: 1
  },
  {
    Name: 'SUGATHAMMA',
    Number: '4870568394',
    Denomination: 1000,
    CNumber: 'ITK070185',
    Rebate: 1
  }
]
2023-07-17T12:02:37: [0mGET /final [36m304 [0m632.904 ms - -[0m
2023-07-17T12:02:37: [0mGET /javascripts/script.js [36m304 [0m3.465 ms - -[0m
2023-07-17T12:02:41: [0mGET /finish [36m302 [0m58.524 ms - 46[0m
2023-07-17T12:02:41: undefined
2023-07-17T12:02:41: [0mGET / [36m304 [0m127.261 ms - -[0m
2023-07-17T12:02:41: [0mGET /javascripts/script.js [36m304 [0m3.879 ms - -[0m
2023-07-17T12:02:51: 170
2023-07-17T12:02:52: [
  {
    Number: '4692300349',
    Name: 'ADV BIDU GOPAL',
    Denomination: '2000',
    CNumber: 'ITK070169',
    Ref_Number: '170'
  }
] --------------------------------
2023-07-17T12:02:52: [0mGET /?search=170 [32m200 [0m118.907 ms - 7350[0m
2023-07-17T12:02:52: [0mGET /javascripts/script.js [36m304 [0m3.328 ms - -[0m
2023-07-17T12:02:54: ------------------------- [Object: null prototype] {
  Number: '4692300349',
  Name: 'ADV BIDU GOPAL',
  Denomination: '2000',
  Rebate: '',
  CNumber: 'ITK070169'
}
2023-07-17T12:02:54: >>>>>>>>>>>>>Details>>> [Object: null prototype] {
  Number: '4692300349',
  Name: 'ADV BIDU GOPAL',
  Denomination: '2000',
  Rebate: '',
  CNumber: 'ITK070169'
}
2023-07-17T12:02:54: [0mPOST /addToList/ [32m200 [0m99.236 ms - 15[0m
2023-07-17T12:02:59: 190
2023-07-17T12:02:59: [
  {
    Number: '4939045118',
    Name: 'ANITHAMOL V V',
    Denomination: '1000',
    CNumber: 'ITK070192',
    Ref_Number: '190'
  }
] --------------------------------
2023-07-17T12:02:59: [0mGET /?search=190 [32m200 [0m97.104 ms - 7348[0m
2023-07-17T12:02:59: [0mGET /javascripts/script.js [36m304 [0m3.761 ms - -[0m
2023-07-17T12:03:01: ------------------------- [Object: null prototype] {
  Number: '4939045118',
  Name: 'ANITHAMOL V V',
  Denomination: '1000',
  Rebate: '',
  CNumber: 'ITK070192'
}
2023-07-17T12:03:01: >>>>>>>>>>>>>Details>>> [Object: null prototype] {
  Number: '4939045118',
  Name: 'ANITHAMOL V V',
  Denomination: '1000',
  Rebate: '',
  CNumber: 'ITK070192'
}
2023-07-17T12:03:01: [0mPOST /addToList/ [32m200 [0m134.083 ms - 15[0m
2023-07-17T12:03:06: 192
2023-07-17T12:03:06: [
  {
    Number: '5000699742',
    Name: 'JAYAKUMAR',
    Denomination: '1000',
    CNumber: 'ITK070194',
    Ref_Number: '192'
  }
] --------------------------------
2023-07-17T12:03:06: [0mGET /?search=192 [32m200 [0m103.144 ms - 7340[0m
2023-07-17T12:03:06: [0mGET /javascripts/script.js [36m304 [0m3.134 ms - -[0m
2023-07-17T12:03:08: ------------------------- [Object: null prototype] {
  Number: '5000699742',
  Name: 'JAYAKUMAR',
  Denomination: '1000',
  Rebate: '',
  CNumber: 'ITK070194'
}
2023-07-17T12:03:08: >>>>>>>>>>>>>Details>>> [Object: null prototype] {
  Number: '5000699742',
  Name: 'JAYAKUMAR',
  Denomination: '1000',
  Rebate: '',
  CNumber: 'ITK070194'
}
2023-07-17T12:03:08: [0mPOST /addToList/ [32m200 [0m164.238 ms - 15[0m
2023-07-17T12:03:12: 197
2023-07-17T12:03:12: [
  {
    Number: '020007166184',
    Name: 'SHERLY JOSEPH',
    Denomination: '5000',
    CNumber: 'ITK070202',
    Ref_Number: '197'
  }
] --------------------------------
2023-07-17T12:03:12: [0mGET /?search=197 [32m200 [0m117.412 ms - 7352[0m
2023-07-17T12:03:12: [0mGET /javascripts/script.js [36m304 [0m3.283 ms - -[0m
2023-07-17T12:03:14: ------------------------- [Object: null prototype] {
  Number: '020007166184',
  Name: 'SHERLY JOSEPH',
  Denomination: '5000',
  Rebate: '',
  CNumber: 'ITK070202'
}
2023-07-17T12:03:14: >>>>>>>>>>>>>Details>>> [Object: null prototype] {
  Number: '020007166184',
  Name: 'SHERLY JOSEPH',
  Denomination: '5000',
  Rebate: '',
  CNumber: 'ITK070202'
}
2023-07-17T12:03:14: [0mPOST /addToList/ [32m200 [0m160.908 ms - 15[0m
2023-07-17T12:03:18: 198
2023-07-17T12:03:19: [
  {
    Number: '020007166792',
    Name: 'CHRISTINA TREASA SCARIAH',
    Denomination: '3000',
    CNumber: 'ITK070203',
    Ref_Number: '198'
  }
] --------------------------------
2023-07-17T12:03:19: [0mGET /?search=198 [32m200 [0m125.634 ms - 7374[0m
2023-07-17T12:03:19: [0mGET /javascripts/script.js [36m304 [0m3.333 ms - -[0m
2023-07-17T12:03:20: ------------------------- [Object: null prototype] {
  Number: '020007166792',
  Name: 'CHRISTINA TREASA SCARIAH',
  Denomination: '3000',
  Rebate: '',
  CNumber: 'ITK070203'
}
2023-07-17T12:03:20: >>>>>>>>>>>>>Details>>> [Object: null prototype] {
  Number: '020007166792',
  Name: 'CHRISTINA TREASA SCARIAH',
  Denomination: '3000',
  Rebate: '',
  CNumber: 'ITK070203'
}
2023-07-17T12:03:20: [0mPOST /addToList/ [32m200 [0m158.832 ms - 15[0m
2023-07-17T12:03:25: 199
2023-07-17T12:03:25: [
  {
    Ref_Number: '199',
    Name: 'LEENA P N',
    Number: '020010489164',
    CNumber: 'ITK070204',
    Denomination: '1000'
  }
] --------------------------------
2023-07-17T12:03:25: [0mGET /?search=199 [32m200 [0m153.889 ms - 7344[0m
2023-07-17T12:03:25: [0mGET /javascripts/script.js [36m304 [0m4.129 ms - -[0m
2023-07-17T12:03:26: ------------------------- [Object: null prototype] {
  Number: '020010489164',
  Name: 'LEENA P N',
  Denomination: '1000',
  Rebate: '',
  CNumber: 'ITK070204'
}
2023-07-17T12:03:26: >>>>>>>>>>>>>Details>>> [Object: null prototype] {
  Number: '020010489164',
  Name: 'LEENA P N',
  Denomination: '1000',
  Rebate: '',
  CNumber: 'ITK070204'
}
2023-07-17T12:03:27: [0mPOST /addToList/ [32m200 [0m125.641 ms - 15[0m
2023-07-17T12:03:31: 200
2023-07-17T12:03:31: [
  {
    Ref_Number: '200',
    Name: 'JAMINI K T',
    Number: '020010733472',
    CNumber: 'ITK070205',
    Denomination: '1000'
  }
] --------------------------------
2023-07-17T12:03:31: [0mGET /?search=200 [32m200 [0m151.746 ms - 7346[0m
2023-07-17T12:03:31: [0mGET /javascripts/script.js [36m304 [0m4.518 ms - -[0m
2023-07-17T12:03:33: ------------------------- [Object: null prototype] {
  Number: '020010733472',
  Name: 'JAMINI K T',
  Denomination: '1000',
  Rebate: '',
  CNumber: 'ITK070205'
}
2023-07-17T12:03:33: >>>>>>>>>>>>>Details>>> [Object: null prototype] {
  Number: '020010733472',
  Name: 'JAMINI K T',
  Denomination: '1000',
  Rebate: '',
  CNumber: 'ITK070205'
}
2023-07-17T12:03:33: [0mPOST /addToList/ [32m200 [0m163.899 ms - 15[0m
2023-07-17T12:03:37: 207
2023-07-17T12:03:38: [
  {
    Ref_Number: '207',
    Name: 'OMANA P S',
    Number: '020013963475',
    CNumber: 'ITK 070212',
    Denomination: '1000'
  }
] --------------------------------
2023-07-17T12:03:38: [0mGET /?search=207 [32m200 [0m244.826 ms - 7345[0m
2023-07-17T12:03:38: [0mGET /javascripts/script.js [36m304 [0m2.821 ms - -[0m
2023-07-17T12:03:39: ------------------------- [Object: null prototype] {
  Number: '020013963475',
  Name: 'OMANA P S',
  Denomination: '1000',
  Rebate: '',
  CNumber: 'ITK 070212'
}
2023-07-17T12:03:39: >>>>>>>>>>>>>Details>>> [Object: null prototype] {
  Number: '020013963475',
  Name: 'OMANA P S',
  Denomination: '1000',
  Rebate: '',
  CNumber: 'ITK 070212'
}
2023-07-17T12:03:39: [0mPOST /addToList/ [32m200 [0m104.534 ms - 15[0m
2023-07-17T12:03:43: 208
2023-07-17T12:03:44: [
  {
    Ref_Number: '208',
    Name: 'JOSE MATHEW',
    Number: '020015311217',
    CNumber: 'ITK 070213',
    Denomination: '1500'
  }
] --------------------------------
2023-07-17T12:03:44: [0mGET /?search=208 [32m200 [0m104.743 ms - 7349[0m
2023-07-17T12:03:44: [0mGET /javascripts/script.js [36m304 [0m3.901 ms - -[0m
2023-07-17T12:03:45: ------------------------- [Object: null prototype] {
  Number: '020015311217',
  Name: 'JOSE MATHEW',
  Denomination: '1500',
  Rebate: '',
  CNumber: 'ITK 070213'
}
2023-07-17T12:03:45: >>>>>>>>>>>>>Details>>> [Object: null prototype] {
  Number: '020015311217',
  Name: 'JOSE MATHEW',
  Denomination: '1500',
  Rebate: '',
  CNumber: 'ITK 070213'
}
2023-07-17T12:03:45: [0mPOST /addToList/ [32m200 [0m93.802 ms - 15[0m
2023-07-17T12:03:49: 209
2023-07-17T12:03:49: [
  {
    Ref_Number: '209',
    Name: 'OMANA P S',
    Number: '020015312711',
    CNumber: 'ITK 070214',
    Denomination: '1000'
  }
] --------------------------------
2023-07-17T12:03:49: [0mGET /?search=209 [32m200 [0m108.451 ms - 7345[0m
2023-07-17T12:03:49: [0mGET /javascripts/script.js [36m304 [0m4.024 ms - -[0m
2023-07-17T12:03:51: ------------------------- [Object: null prototype] {
  Number: '020015312711',
  Name: 'OMANA P S',
  Denomination: '1000',
  Rebate: '',
  CNumber: 'ITK 070214'
}
2023-07-17T12:03:51: >>>>>>>>>>>>>Details>>> [Object: null prototype] {
  Number: '020015312711',
  Name: 'OMANA P S',
  Denomination: '1000',
  Rebate: '',
  CNumber: 'ITK 070214'
}
2023-07-17T12:03:51: [0mPOST /addToList/ [32m200 [0m91.791 ms - 15[0m
2023-07-17T12:03:56: 210
2023-07-17T12:03:56: [
  {
    Ref_Number: '210',
    Name: 'ELSY',
    Number: '020015311364',
    CNumber: 'ITK 070215',
    Denomination: '1500'
  }
] --------------------------------
2023-07-17T12:03:56: [0mGET /?search=210 [32m200 [0m95.713 ms - 7335[0m
2023-07-17T12:03:56: [0mGET /javascripts/script.js [36m304 [0m2.901 ms - -[0m
2023-07-17T12:03:57: ------------------------- [Object: null prototype] {
  Number: '020015311364',
  Name: 'ELSY',
  Denomination: '1500',
  Rebate: '',
  CNumber: 'ITK 070215'
}
2023-07-17T12:03:57: >>>>>>>>>>>>>Details>>> [Object: null prototype] {
  Number: '020015311364',
  Name: 'ELSY',
  Denomination: '1500',
  Rebate: '',
  CNumber: 'ITK 070215'
}
2023-07-17T12:03:57: [0mPOST /addToList/ [32m200 [0m95.329 ms - 15[0m
2023-07-17T12:04:01: 214
2023-07-17T12:04:01: [
  {
    Ref_Number: '214',
    Name: 'SREEVIDHYA S R',
    Number: '020019964812',
    CNumber: 'ITK070219',
    Denomination: '1000'
  }
] --------------------------------
2023-07-17T12:04:01: [0mGET /?search=214 [32m200 [0m130.954 ms - 7354[0m
2023-07-17T12:04:01: [0mGET /javascripts/script.js [36m304 [0m3.135 ms - -[0m
2023-07-17T12:04:03: ------------------------- [Object: null prototype] {
  Number: '020019964812',
  Name: 'SREEVIDHYA S R',
  Denomination: '1000',
  Rebate: '',
  CNumber: 'ITK070219'
}
2023-07-17T12:04:03: >>>>>>>>>>>>>Details>>> [Object: null prototype] {
  Number: '020019964812',
  Name: 'SREEVIDHYA S R',
  Denomination: '1000',
  Rebate: '',
  CNumber: 'ITK070219'
}
2023-07-17T12:04:03: [0mPOST /addToList/ [32m200 [0m91.187 ms - 15[0m
2023-07-17T12:04:08: [
  {
    Name: 'SHERLY JOSEPH',
    Number: '020007166184',
    Denomination: 5000,
    CNumber: 'ITK070202',
    Rebate: 1
  },
  {
    Name: 'CHRISTINA TREASA SCARIAH',
    Number: '020007166792',
    Denomination: 3000,
    CNumber: 'ITK070203',
    Rebate: 1
  },
  {
    Name: 'LEENA P N',
    Number: '020010489164',
    Denomination: 1000,
    CNumber: 'ITK070204',
    Rebate: 1
  },
  {
    Name: 'JAMINI K T',
    Number: '020010733472',
    Denomination: 1000,
    CNumber: 'ITK070205',
    Rebate: 1
  },
  {
    Name: 'OMANA P S',
    Number: '020013963475',
    Denomination: 1000,
    CNumber: 'ITK 070212',
    Rebate: 1
  },
  {
    Name: 'JOSE MATHEW',
    Number: '020015311217',
    Denomination: 1500,
    CNumber: 'ITK 070213',
    Rebate: 1
  },
  {
    Name: 'ELSY',
    Number: '020015311364',
    Denomination: 1500,
    CNumber: 'ITK 070215',
    Rebate: 1
  },
  {
    Name: 'OMANA P S',
    Number: '020015312711',
    Denomination: 1000,
    CNumber: 'ITK 070214',
    Rebate: 1
  },
  {
    Name: 'SREEVIDHYA S R',
    Number: '020019964812',
    Denomination: 1000,
    CNumber: 'ITK070219',
    Rebate: 1
  },
  {
    Name: 'ADV BIDU GOPAL',
    Number: '4692300349',
    Denomination: 2000,
    CNumber: 'ITK070169',
    Rebate: 1
  },
  {
    Name: 'ANITHAMOL V V',
    Number: '4939045118',
    Denomination: 1000,
    CNumber: 'ITK070192',
    Rebate: 1
  },
  {
    Name: 'JAYAKUMAR',
    Number: '5000699742',
    Denomination: 1000,
    CNumber: 'ITK070194',
    Rebate: 1
  }
]
2023-07-17T12:04:08: [0mGET /final [32m200 [0m110.411 ms - 26232[0m
2023-07-17T12:04:08: [0mGET /javascripts/script.js [36m304 [0m3.140 ms - -[0m
2023-07-17T12:06:47: [0mGET /genarateList [32m200 [0m119482.749 ms - 16[0m
2023-07-17T12:07:24: [
  {
    Name: 'SHERLY JOSEPH',
    Number: '020007166184',
    Denomination: 5000,
    CNumber: 'ITK070202',
    Rebate: 1
  },
  {
    Name: 'CHRISTINA TREASA SCARIAH',
    Number: '020007166792',
    Denomination: 3000,
    CNumber: 'ITK070203',
    Rebate: 1
  },
  {
    Name: 'LEENA P N',
    Number: '020010489164',
    Denomination: 1000,
    CNumber: 'ITK070204',
    Rebate: 1
  },
  {
    Name: 'JAMINI K T',
    Number: '020010733472',
    Denomination: 1000,
    CNumber: 'ITK070205',
    Rebate: 1
  },
  {
    Name: 'OMANA P S',
    Number: '020013963475',
    Denomination: 1000,
    CNumber: 'ITK 070212',
    Rebate: 1
  },
  {
    Name: 'JOSE MATHEW',
    Number: '020015311217',
    Denomination: 1500,
    CNumber: 'ITK 070213',
    Rebate: 1
  },
  {
    Name: 'ELSY',
    Number: '020015311364',
    Denomination: 1500,
    CNumber: 'ITK 070215',
    Rebate: 1
  },
  {
    Name: 'OMANA P S',
    Number: '020015312711',
    Denomination: 1000,
    CNumber: 'ITK 070214',
    Rebate: 1
  },
  {
    Name: 'SREEVIDHYA S R',
    Number: '020019964812',
    Denomination: 1000,
    CNumber: 'ITK070219',
    Rebate: 1
  },
  {
    Name: 'ADV BIDU GOPAL',
    Number: '4692300349',
    Denomination: 2000,
    CNumber: 'ITK070169',
    Rebate: 1
  },
  {
    Name: 'ANITHAMOL V V',
    Number: '4939045118',
    Denomination: 1000,
    CNumber: 'ITK070192',
    Rebate: 1
  },
  {
    Name: 'JAYAKUMAR',
    Number: '5000699742',
    Denomination: 1000,
    CNumber: 'ITK070194',
    Rebate: 1
  }
]
2023-07-17T12:07:24: [0mGET /final [36m304 [0m295.684 ms - -[0m
2023-07-17T12:07:24: [0mGET /javascripts/script.js [36m304 [0m2.987 ms - -[0m
2023-07-17T12:07:27: [0mGET /finish [36m302 [0m52.380 ms - 46[0m
2023-07-17T12:07:27: undefined
2023-07-17T12:07:27: [0mGET / [36m304 [0m83.559 ms - -[0m
2023-07-17T12:07:27: [0mGET /javascripts/script.js [36m304 [0m3.057 ms - -[0m
2023-07-17T12:07:35: 213
2023-07-17T12:07:35: [
  {
    Ref_Number: '213',
    Name: 'BALAMURALI M',
    Number: '020019968671',
    CNumber: 'ITK070218',
    Denomination: '2000'
  }
] --------------------------------
2023-07-17T12:07:35: [0mGET /?search=213 [32m200 [0m79.382 ms - 7350[0m
2023-07-17T12:07:36: [0mGET /javascripts/script.js [36m304 [0m4.023 ms - -[0m
2023-07-17T12:07:37: ------------------------- [Object: null prototype] {
  Number: '020019968671',
  Name: 'BALAMURALI M',
  Denomination: '2000',
  Rebate: '',
  CNumber: 'ITK070218'
}
2023-07-17T12:07:37: >>>>>>>>>>>>>Details>>> [Object: null prototype] {
  Number: '020019968671',
  Name: 'BALAMURALI M',
  Denomination: '2000',
  Rebate: '',
  CNumber: 'ITK070218'
}
2023-07-17T12:07:37: [0mPOST /addToList/ [32m200 [0m183.070 ms - 15[0m
2023-07-17T12:07:42: 219
2023-07-17T12:07:42: [
  {
    Ref_Number: '219',
    Name: 'DR.K SUDARSAN',
    Number: '020024386328',
    CNumber: 'ITK 070224',
    Denomination: '3000'
  }
] --------------------------------
2023-07-17T12:07:42: [0mGET /?search=219 [32m200 [0m83.346 ms - 7353[0m
2023-07-17T12:07:42: [0mGET /javascripts/script.js [36m304 [0m3.479 ms - -[0m
2023-07-17T12:07:43: ------------------------- [Object: null prototype] {
  Number: '020024386328',
  Name: 'DR.K SUDARSAN',
  Denomination: '3000',
  Rebate: '',
  CNumber: 'ITK 070224'
}
2023-07-17T12:07:43: >>>>>>>>>>>>>Details>>> [Object: null prototype] {
  Number: '020024386328',
  Name: 'DR.K SUDARSAN',
  Denomination: '3000',
  Rebate: '',
  CNumber: 'ITK 070224'
}
2023-07-17T12:07:43: [0mPOST /addToList/ [32m200 [0m103.184 ms - 15[0m
2023-07-17T12:07:47: 230
2023-07-17T12:07:47: [
  {
    Ref_Number: '230',
    Name: 'SHUKOOR P M',
    Number: '020038006286',
    CNumber: 'ITK070237',
    Denomination: '5000'
  }
] --------------------------------
2023-07-17T12:07:47: [0mGET /?search=230 [32m200 [0m106.470 ms - 7348[0m
2023-07-17T12:07:47: [0mGET /javascripts/script.js [36m304 [0m3.711 ms - -[0m
2023-07-17T12:07:49: ------------------------- [Object: null prototype] {
  Number: '020038006286',
  Name: 'SHUKOOR P M',
  Denomination: '5000',
  Rebate: '',
  CNumber: 'ITK070237'
}
2023-07-17T12:07:49: >>>>>>>>>>>>>Details>>> [Object: null prototype] {
  Number: '020038006286',
  Name: 'SHUKOOR P M',
  Denomination: '5000',
  Rebate: '',
  CNumber: 'ITK070237'
}
2023-07-17T12:07:49: [0mPOST /addToList/ [32m200 [0m111.224 ms - 15[0m
2023-07-17T12:07:55: 232
2023-07-17T12:07:56: [
  {
    Ref_Number: '232',
    Name: 'RAJESH N',
    Number: '020040079879',
    CNumber: 'ITK070239',
    Denomination: '2000'
  }
] --------------------------------
2023-07-17T12:07:56: [0mGET /?search=232 [32m200 [0m130.432 ms - 7342[0m
2023-07-17T12:07:56: [0mGET /javascripts/script.js [36m304 [0m2.927 ms - -[0m
2023-07-17T12:07:59: ------------------------- [Object: null prototype] {
  Number: '020040079879',
  Name: 'RAJESH N',
  Denomination: '2000',
  Rebate: '',
  CNumber: 'ITK070239'
}
2023-07-17T12:07:59: >>>>>>>>>>>>>Details>>> [Object: null prototype] {
  Number: '020040079879',
  Name: 'RAJESH N',
  Denomination: '2000',
  Rebate: '',
  CNumber: 'ITK070239'
}
2023-07-17T12:07:59: [0mPOST /addToList/ [32m200 [0m484.997 ms - 15[0m
2023-07-17T12:08:04: 235
2023-07-17T12:08:04: [
  {
    Ref_Number: '235',
    Name: 'JIJO JOY',
    Number: '020042212175',
    CNumber: 'ITK 070242',
    Denomination: '1000'
  }
] --------------------------------
2023-07-17T12:08:04: [0mGET /?search=235 [32m200 [0m115.609 ms - 7343[0m
2023-07-17T12:08:04: [0mGET /javascripts/script.js [36m304 [0m3.203 ms - -[0m
2023-07-17T12:08:05: ------------------------- [Object: null prototype] {
  Number: '020042212175',
  Name: 'JIJO JOY',
  Denomination: '1000',
  Rebate: '',
  CNumber: 'ITK 070242'
}
2023-07-17T12:08:05: >>>>>>>>>>>>>Details>>> [Object: null prototype] {
  Number: '020042212175',
  Name: 'JIJO JOY',
  Denomination: '1000',
  Rebate: '',
  CNumber: 'ITK 070242'
}
2023-07-17T12:08:06: [0mPOST /addToList/ [32m200 [0m170.569 ms - 15[0m
2023-07-17T12:08:12: 236
2023-07-17T12:08:12: [
  {
    Ref_Number: '236',
    Name: 'RAJAMMA T S',
    Number: '020042433216',
    CNumber: 'ITK 070243',
    Denomination: '1000'
  }
] --------------------------------
2023-07-17T12:08:12: [0mGET /?search=236 [32m200 [0m88.188 ms - 7349[0m
2023-07-17T12:08:12: [0mGET /javascripts/script.js [36m304 [0m3.119 ms - -[0m
2023-07-17T12:08:13: ------------------------- [Object: null prototype] {
  Number: '020042433216',
  Name: 'RAJAMMA T S',
  Denomination: '1000',
  Rebate: '',
  CNumber: 'ITK 070243'
}
2023-07-17T12:08:13: >>>>>>>>>>>>>Details>>> [Object: null prototype] {
  Number: '020042433216',
  Name: 'RAJAMMA T S',
  Denomination: '1000',
  Rebate: '',
  CNumber: 'ITK 070243'
}
2023-07-17T12:08:14: [0mPOST /addToList/ [32m200 [0m84.867 ms - 15[0m
2023-07-17T12:08:19: 237
2023-07-17T12:08:19: [
  {
    Ref_Number: '237',
    Name: 'NISHA T A',
    Number: '020042431895',
    CNumber: 'ITK 070244',
    Denomination: '1000'
  }
] --------------------------------
2023-07-17T12:08:19: [0mGET /?search=237 [32m200 [0m94.942 ms - 7345[0m
2023-07-17T12:08:19: [0mGET /javascripts/script.js [36m304 [0m3.229 ms - -[0m
2023-07-17T12:08:22: ------------------------- [Object: null prototype] {
  Number: '020042431895',
  Name: 'NISHA T A',
  Denomination: '1000',
  Rebate: '',
  CNumber: 'ITK 070244'
}
2023-07-17T12:08:22: >>>>>>>>>>>>>Details>>> [Object: null prototype] {
  Number: '020042431895',
  Name: 'NISHA T A',
  Denomination: '1000',
  Rebate: '',
  CNumber: 'ITK 070244'
}
2023-07-17T12:08:22: [0mPOST /addToList/ [32m200 [0m96.479 ms - 15[0m
2023-07-17T12:08:29: 238
2023-07-17T12:08:29: [
  {
    Ref_Number: '238',
    Name: 'USHA BINU',
    Number: '020042431018',
    CNumber: 'ITK 070245',
    Denomination: '1000'
  }
] --------------------------------
2023-07-17T12:08:29: [0mGET /?search=238 [32m200 [0m81.982 ms - 7345[0m
2023-07-17T12:08:29: [0mGET /javascripts/script.js [36m304 [0m4.365 ms - -[0m
2023-07-17T12:08:32: ------------------------- [Object: null prototype] {
  Number: '020042431018',
  Name: 'USHA BINU',
  Denomination: '1000',
  Rebate: '',
  CNumber: 'ITK 070245'
}
2023-07-17T12:08:32: >>>>>>>>>>>>>Details>>> [Object: null prototype] {
  Number: '020042431018',
  Name: 'USHA BINU',
  Denomination: '1000',
  Rebate: '',
  CNumber: 'ITK 070245'
}
2023-07-17T12:08:32: [0mPOST /addToList/ [32m200 [0m84.637 ms - 15[0m
2023-07-17T12:08:36: 240
2023-07-17T12:08:36: [
  {
    Ref_Number: '240',
    Name: 'NANCYMOL  GEORGE',
    Number: '020044809713',
    CNumber: 'ITK 070247',
    Denomination: '4000'
  }
] --------------------------------
2023-07-17T12:08:36: [0mGET /?search=240 [32m200 [0m123.788 ms - 7359[0m
2023-07-17T12:08:37: [0mGET /javascripts/script.js [36m304 [0m3.997 ms - -[0m
2023-07-17T12:08:38: ------------------------- [Object: null prototype] {
  Number: '020044809713',
  Name: 'NANCYMOL  GEORGE',
  Denomination: '4000',
  Rebate: '',
  CNumber: 'ITK 070247'
}
2023-07-17T12:08:38: >>>>>>>>>>>>>Details>>> [Object: null prototype] {
  Number: '020044809713',
  Name: 'NANCYMOL  GEORGE',
  Denomination: '4000',
  Rebate: '',
  CNumber: 'ITK 070247'
}
2023-07-17T12:08:38: [0mPOST /addToList/ [32m200 [0m228.500 ms - 15[0m
2023-07-17T12:08:43: [
  {
    Name: 'BALAMURALI M',
    Number: '020019968671',
    Denomination: 2000,
    CNumber: 'ITK070218',
    Rebate: 1
  },
  {
    Name: 'DR.K SUDARSAN',
    Number: '020024386328',
    Denomination: 3000,
    CNumber: 'ITK 070224',
    Rebate: 1
  },
  {
    Name: 'SHUKOOR P M',
    Number: '020038006286',
    Denomination: 5000,
    CNumber: 'ITK070237',
    Rebate: 1
  },
  {
    Name: 'RAJESH N',
    Number: '020040079879',
    Denomination: 2000,
    CNumber: 'ITK070239',
    Rebate: 1
  },
  {
    Name: 'JIJO JOY',
    Number: '020042212175',
    Denomination: 1000,
    CNumber: 'ITK 070242',
    Rebate: 1
  },
  {
    Name: 'USHA BINU',
    Number: '020042431018',
    Denomination: 1000,
    CNumber: 'ITK 070245',
    Rebate: 1
  },
  {
    Name: 'NISHA T A',
    Number: '020042431895',
    Denomination: 1000,
    CNumber: 'ITK 070244',
    Rebate: 1
  },
  {
    Name: 'RAJAMMA T S',
    Number: '020042433216',
    Denomination: 1000,
    CNumber: 'ITK 070243',
    Rebate: 1
  },
  {
    Name: 'NANCYMOL  GEORGE',
    Number: '020044809713',
    Denomination: 4000,
    CNumber: 'ITK 070247',
    Rebate: 1
  }
]
2023-07-17T12:08:43: [0mGET /final [32m200 [0m79.611 ms - 21984[0m
2023-07-17T12:08:43: [0mGET /javascripts/script.js [36m304 [0m5.191 ms - -[0m
2023-07-17T12:10:35: [0mGET /genarateList [32m200 [0m95213.776 ms - 16[0m
2023-07-17T12:11:00: [
  {
    Name: 'BALAMURALI M',
    Number: '020019968671',
    Denomination: 2000,
    CNumber: 'ITK070218',
    Rebate: 1
  },
  {
    Name: 'DR.K SUDARSAN',
    Number: '020024386328',
    Denomination: 3000,
    CNumber: 'ITK 070224',
    Rebate: 1
  },
  {
    Name: 'SHUKOOR P M',
    Number: '020038006286',
    Denomination: 5000,
    CNumber: 'ITK070237',
    Rebate: 1
  },
  {
    Name: 'RAJESH N',
    Number: '020040079879',
    Denomination: 2000,
    CNumber: 'ITK070239',
    Rebate: 1
  },
  {
    Name: 'JIJO JOY',
    Number: '020042212175',
    Denomination: 1000,
    CNumber: 'ITK 070242',
    Rebate: 1
  },
  {
    Name: 'USHA BINU',
    Number: '020042431018',
    Denomination: 1000,
    CNumber: 'ITK 070245',
    Rebate: 1
  },
  {
    Name: 'NISHA T A',
    Number: '020042431895',
    Denomination: 1000,
    CNumber: 'ITK 070244',
    Rebate: 1
  },
  {
    Name: 'RAJAMMA T S',
    Number: '020042433216',
    Denomination: 1000,
    CNumber: 'ITK 070243',
    Rebate: 1
  },
  {
    Name: 'NANCYMOL  GEORGE',
    Number: '020044809713',
    Denomination: 4000,
    CNumber: 'ITK 070247',
    Rebate: 1
  }
]
2023-07-17T12:11:00: [0mGET /final [36m304 [0m424.861 ms - -[0m
2023-07-17T12:11:00: [0mGET /javascripts/script.js [36m304 [0m5.732 ms - -[0m
2023-07-17T12:11:03: [0mGET /finish [36m302 [0m59.389 ms - 46[0m
2023-07-17T12:11:03: undefined
2023-07-17T12:11:03: [0mGET / [36m304 [0m160.809 ms - -[0m
2023-07-17T12:11:03: [0mGET /javascripts/script.js [36m304 [0m3.599 ms - -[0m
2023-07-17T12:11:14: 243
2023-07-17T12:11:14: [
  {
    Ref_Number: '243',
    Name: 'SUJITH S',
    Number: '020049804837',
    CNumber: 'ITK070250',
    Denomination: '1000'
  }
] --------------------------------
2023-07-17T12:11:14: [0mGET /?search=243 [32m200 [0m107.417 ms - 7342[0m
2023-07-17T12:11:14: [0mGET /javascripts/script.js [36m304 [0m3.192 ms - -[0m
2023-07-17T12:11:17: ------------------------- [Object: null prototype] {
  Number: '020049804837',
  Name: 'SUJITH S',
  Denomination: '1000',
  Rebate: '',
  CNumber: 'ITK070250'
}
2023-07-17T12:11:17: >>>>>>>>>>>>>Details>>> [Object: null prototype] {
  Number: '020049804837',
  Name: 'SUJITH S',
  Denomination: '1000',
  Rebate: '',
  CNumber: 'ITK070250'
}
2023-07-17T12:11:17: [0mPOST /addToList/ [32m200 [0m102.919 ms - 15[0m
2023-07-17T12:11:24: 244
2023-07-17T12:11:24: [
  {
    Ref_Number: '244',
    Name: 'SANDEEP RAVINDRAN',
    Number: '020049806899',
    CNumber: 'IUI082451',
    Denomination: '10000'
  }
] --------------------------------
2023-07-17T12:11:24: [0mGET /?search=244 [32m200 [0m97.081 ms - 7362[0m
2023-07-17T12:11:24: [0mGET /javascripts/script.js [36m304 [0m2.837 ms - -[0m
2023-07-17T12:11:27: ------------------------- [Object: null prototype] {
  Number: '020049806899',
  Name: 'SANDEEP RAVINDRAN',
  Denomination: '10000',
  Rebate: '',
  CNumber: 'IUI082451'
}
2023-07-17T12:11:27: >>>>>>>>>>>>>Details>>> [Object: null prototype] {
  Number: '020049806899',
  Name: 'SANDEEP RAVINDRAN',
  Denomination: '10000',
  Rebate: '',
  CNumber: 'IUI082451'
}
2023-07-17T12:11:27: [0mPOST /addToList/ [32m200 [0m91.480 ms - 15[0m
2023-07-17T12:11:32: 245
2023-07-17T12:11:32: [
  {
    Ref_Number: '245',
    Name: 'SUMI GEORGE',
    Number: '020049813747',
    CNumber: 'IUI082452',
    Denomination: '1000'
  }
] --------------------------------
2023-07-17T12:11:32: [0mGET /?search=245 [32m200 [0m97.856 ms - 7348[0m
2023-07-17T12:11:32: [0mGET /javascripts/script.js [36m304 [0m3.974 ms - -[0m
2023-07-17T12:11:34: ------------------------- [Object: null prototype] {
  Number: '020049813747',
  Name: 'SUMI GEORGE',
  Denomination: '1000',
  Rebate: '',
  CNumber: 'IUI082452'
}
2023-07-17T12:11:34: >>>>>>>>>>>>>Details>>> [Object: null prototype] {
  Number: '020049813747',
  Name: 'SUMI GEORGE',
  Denomination: '1000',
  Rebate: '',
  CNumber: 'IUI082452'
}
2023-07-17T12:11:34: [0mPOST /addToList/ [32m200 [0m103.506 ms - 15[0m
2023-07-17T12:11:42: 248
2023-07-17T12:11:42: [
  {
    Ref_Number: '248',
    Name: 'THYAGARAJAN',
    Number: '020049970775',
    CNumber: 'IUI082455',
    Denomination: '2000'
  }
] --------------------------------
2023-07-17T12:11:42: [0mGET /?search=248 [32m200 [0m107.262 ms - 7348[0m
2023-07-17T12:11:42: [0mGET /javascripts/script.js [36m304 [0m3.703 ms - -[0m
2023-07-17T12:11:46: ------------------------- [Object: null prototype] {
  Number: '020049970775',
  Name: 'THYAGARAJAN',
  Denomination: '2000',
  Rebate: '',
  CNumber: 'IUI082455'
}
2023-07-17T12:11:46: >>>>>>>>>>>>>Details>>> [Object: null prototype] {
  Number: '020049970775',
  Name: 'THYAGARAJAN',
  Denomination: '2000',
  Rebate: '',
  CNumber: 'IUI082455'
}
2023-07-17T12:11:46: [0mPOST /addToList/ [32m200 [0m95.294 ms - 15[0m
2023-07-17T12:11:51: 249
2023-07-17T12:11:52: [
  {
    Ref_Number: '249',
    Name: 'USHA K K',
    Number: '020049811324',
    CNumber: 'IUI082456',
    Denomination: '1000'
  }
] --------------------------------
2023-07-17T12:11:52: [0mGET /?search=249 [32m200 [0m139.774 ms - 7342[0m
2023-07-17T12:11:52: [0mGET /javascripts/script.js [36m304 [0m2.754 ms - -[0m
2023-07-17T12:11:53: ------------------------- [Object: null prototype] {
  Number: '020049811324',
  Name: 'USHA K K',
  Denomination: '1000',
  Rebate: '',
  CNumber: 'IUI082456'
}
2023-07-17T12:11:53: >>>>>>>>>>>>>Details>>> [Object: null prototype] {
  Number: '020049811324',
  Name: 'USHA K K',
  Denomination: '1000',
  Rebate: '',
  CNumber: 'IUI082456'
}
2023-07-17T12:11:53: [0mPOST /addToList/ [32m200 [0m91.689 ms - 15[0m
2023-07-17T12:11:58: 250
2023-07-17T12:11:58: [
  {
    Ref_Number: '250',
    Name: 'EISY JOY',
    Number: '020054922950',
    CNumber: 'IUI082458',
    Denomination: '1000'
  }
] --------------------------------
2023-07-17T12:11:58: [0mGET /?search=250 [32m200 [0m105.288 ms - 7342[0m
2023-07-17T12:11:58: [0mGET /javascripts/script.js [36m304 [0m3.027 ms - -[0m
2023-07-17T12:12:00: ------------------------- [Object: null prototype] {
  Number: '020054922950',
  Name: 'EISY JOY',
  Denomination: '1000',
  Rebate: '',
  CNumber: 'IUI082458'
}
2023-07-17T12:12:00: >>>>>>>>>>>>>Details>>> [Object: null prototype] {
  Number: '020054922950',
  Name: 'EISY JOY',
  Denomination: '1000',
  Rebate: '',
  CNumber: 'IUI082458'
}
2023-07-17T12:12:00: [0mPOST /addToList/ [32m200 [0m247.367 ms - 15[0m
2023-07-17T12:12:04: 255
2023-07-17T12:12:04: [
  {
    Ref_Number: '255',
    Name: 'RAGHAVAN NAIR.K.N.',
    Number: '020058101447',
    CNumber: 'IUI082463',
    Denomination: '3000'
  }
] --------------------------------
2023-07-17T12:12:04: [0mGET /?search=255 [32m200 [0m96.754 ms - 7362[0m
2023-07-17T12:12:04: [0mGET /javascripts/script.js [36m304 [0m3.854 ms - -[0m
2023-07-17T12:12:05: ------------------------- [Object: null prototype] {
  Number: '020058101447',
  Name: 'RAGHAVAN NAIR.K.N.',
  Denomination: '3000',
  Rebate: '',
  CNumber: 'IUI082463'
}
2023-07-17T12:12:05: >>>>>>>>>>>>>Details>>> [Object: null prototype] {
  Number: '020058101447',
  Name: 'RAGHAVAN NAIR.K.N.',
  Denomination: '3000',
  Rebate: '',
  CNumber: 'IUI082463'
}
2023-07-17T12:12:06: [0mPOST /addToList/ [32m200 [0m115.280 ms - 15[0m
2023-07-17T12:12:11: 270
2023-07-17T12:12:11: [
  {
    Ref_Number: '270',
    Name: 'LAUJA MATHEW',
    Number: '020079693244',
    CNumber: 'IUI082478',
    Denomination: '1000'
  }
] --------------------------------
2023-07-17T12:12:11: [0mGET /?search=270 [32m200 [0m103.705 ms - 7350[0m
2023-07-17T12:12:11: [0mGET /javascripts/script.js [36m304 [0m3.039 ms - -[0m
2023-07-17T12:12:13: ------------------------- [Object: null prototype] {
  Number: '020079693244',
  Name: 'LAUJA MATHEW',
  Denomination: '1000',
  Rebate: '',
  CNumber: 'IUI082478'
}
2023-07-17T12:12:13: >>>>>>>>>>>>>Details>>> [Object: null prototype] {
  Number: '020079693244',
  Name: 'LAUJA MATHEW',
  Denomination: '1000',
  Rebate: '',
  CNumber: 'IUI082478'
}
2023-07-17T12:12:13: [0mPOST /addToList/ [32m200 [0m93.865 ms - 15[0m
2023-07-17T12:12:18: [
  {
    Name: 'SUJITH S',
    Number: '020049804837',
    Denomination: 1000,
    CNumber: 'ITK070250',
    Rebate: 1
  },
  {
    Name: 'SANDEEP RAVINDRAN',
    Number: '020049806899',
    Denomination: 10000,
    CNumber: 'IUI082451',
    Rebate: 1
  },
  {
    Name: 'USHA K K',
    Number: '020049811324',
    Denomination: 1000,
    CNumber: 'IUI082456',
    Rebate: 1
  },
  {
    Name: 'SUMI GEORGE',
    Number: '020049813747',
    Denomination: 1000,
    CNumber: 'IUI082452',
    Rebate: 1
  },
  {
    Name: 'THYAGARAJAN',
    Number: '020049970775',
    Denomination: 2000,
    CNumber: 'IUI082455',
    Rebate: 1
  },
  {
    Name: 'EISY JOY',
    Number: '020054922950',
    Denomination: 1000,
    CNumber: 'IUI082458',
    Rebate: 1
  },
  {
    Name: 'RAGHAVAN NAIR.K.N.',
    Number: '020058101447',
    Denomination: 3000,
    CNumber: 'IUI082463',
    Rebate: 1
  },
  {
    Name: 'LAUJA MATHEW',
    Number: '020079693244',
    Denomination: 1000,
    CNumber: 'IUI082478',
    Rebate: 1
  }
]
2023-07-17T12:12:18: [0mGET /final [32m200 [0m94.912 ms - 20550[0m
2023-07-17T12:12:18: [0mGET /javascripts/script.js [36m304 [0m3.144 ms - -[0m
2023-07-17T12:13:38: [0mGET /genarateList [32m200 [0m73928.975 ms - 16[0m
2023-07-17T12:14:18: [
  {
    Name: 'SUJITH S',
    Number: '020049804837',
    Denomination: 1000,
    CNumber: 'ITK070250',
    Rebate: 1
  },
  {
    Name: 'SANDEEP RAVINDRAN',
    Number: '020049806899',
    Denomination: 10000,
    CNumber: 'IUI082451',
    Rebate: 1
  },
  {
    Name: 'USHA K K',
    Number: '020049811324',
    Denomination: 1000,
    CNumber: 'IUI082456',
    Rebate: 1
  },
  {
    Name: 'SUMI GEORGE',
    Number: '020049813747',
    Denomination: 1000,
    CNumber: 'IUI082452',
    Rebate: 1
  },
  {
    Name: 'THYAGARAJAN',
    Number: '020049970775',
    Denomination: 2000,
    CNumber: 'IUI082455',
    Rebate: 1
  },
  {
    Name: 'EISY JOY',
    Number: '020054922950',
    Denomination: 1000,
    CNumber: 'IUI082458',
    Rebate: 1
  },
  {
    Name: 'RAGHAVAN NAIR.K.N.',
    Number: '020058101447',
    Denomination: 3000,
    CNumber: 'IUI082463',
    Rebate: 1
  },
  {
    Name: 'LAUJA MATHEW',
    Number: '020079693244',
    Denomination: 1000,
    CNumber: 'IUI082478',
    Rebate: 1
  }
]
2023-07-17T12:14:18: [0mGET /final [36m304 [0m296.510 ms - -[0m
2023-07-17T12:14:18: [0mGET /javascripts/script.js [36m304 [0m4.336 ms - -[0m
2023-07-17T12:14:20: [0mGET /finish [36m302 [0m50.902 ms - 46[0m
2023-07-17T12:14:20: undefined
2023-07-17T12:14:20: [0mGET / [36m304 [0m84.759 ms - -[0m
2023-07-17T12:14:20: [0mGET /javascripts/script.js [36m304 [0m3.035 ms - -[0m
2023-07-17T12:14:28: 51
2023-07-17T12:14:28: [
  {
    Number: '3581291478',
    Name: 'REVATHY SANKAR',
    Denomination: '3000',
    CNumber: 'IKT0005821',
    Ref_Number: '51'
  }
] --------------------------------
2023-07-17T12:14:28: [0mGET /?search=51 [32m200 [0m79.413 ms - 7351[0m
2023-07-17T12:14:29: [0mGET /javascripts/script.js [36m304 [0m3.804 ms - -[0m
2023-07-17T12:14:32: ------------------------- [Object: null prototype] {
  Number: '3581291478',
  Name: 'REVATHY SANKAR',
  Denomination: '3000',
  Rebate: '',
  CNumber: 'IKT0005821'
}
2023-07-17T12:14:32: >>>>>>>>>>>>>Details>>> [Object: null prototype] {
  Number: '3581291478',
  Name: 'REVATHY SANKAR',
  Denomination: '3000',
  Rebate: '',
  CNumber: 'IKT0005821'
}
2023-07-17T12:14:32: [0mPOST /addToList/ [32m200 [0m85.038 ms - 15[0m
2023-07-17T12:14:38: 247
2023-07-17T12:14:38: [
  {
    Ref_Number: '247',
    Name: 'NIKHITHA BABYCHAN',
    Number: '020049810700',
    CNumber: 'IUI082454',
    Denomination: '8000'
  }
] --------------------------------
2023-07-17T12:14:38: [0mGET /?search=247 [32m200 [0m80.058 ms - 7360[0m
2023-07-17T12:14:38: [0mGET /javascripts/script.js [36m304 [0m3.901 ms - -[0m
2023-07-17T12:14:40: ------------------------- [Object: null prototype] {
  Number: '020049810700',
  Name: 'NIKHITHA BABYCHAN',
  Denomination: '8000',
  Rebate: '',
  CNumber: 'IUI082454'
}
2023-07-17T12:14:40: >>>>>>>>>>>>>Details>>> [Object: null prototype] {
  Number: '020049810700',
  Name: 'NIKHITHA BABYCHAN',
  Denomination: '8000',
  Rebate: '',
  CNumber: 'IUI082454'
}
2023-07-17T12:14:40: [0mPOST /addToList/ [32m200 [0m86.194 ms - 15[0m
2023-07-17T12:14:46: 261
2023-07-17T12:14:46: [
  {
    Ref_Number: '261',
    Name: 'NANDINI SIVAN',
    Number: '020061739123',
    CNumber: 'IUI082469',
    Denomination: '3000'
  }
] --------------------------------
2023-07-17T12:14:46: [0mGET /?search=261 [32m200 [0m83.303 ms - 7352[0m
2023-07-17T12:14:46: [0mGET /javascripts/script.js [36m304 [0m3.102 ms - -[0m
2023-07-17T12:14:49: ------------------------- [Object: null prototype] {
  Number: '020061739123',
  Name: 'NANDINI SIVAN',
  Denomination: '3000',
  Rebate: '',
  CNumber: 'IUI082469'
}
2023-07-17T12:14:49: >>>>>>>>>>>>>Details>>> [Object: null prototype] {
  Number: '020061739123',
  Name: 'NANDINI SIVAN',
  Denomination: '3000',
  Rebate: '',
  CNumber: 'IUI082469'
}
2023-07-17T12:14:49: [0mPOST /addToList/ [32m200 [0m83.841 ms - 15[0m
2023-07-17T12:14:53: 262
2023-07-17T12:14:53: [
  {
    Ref_Number: '262',
    Name: 'HARIS',
    Number: '020061737775',
    CNumber: 'IUI082470',
    Denomination: '2000'
  }
] --------------------------------
2023-07-17T12:14:53: [0mGET /?search=262 [32m200 [0m88.907 ms - 7336[0m
2023-07-17T12:14:54: [0mGET /javascripts/script.js [36m304 [0m2.921 ms - -[0m
2023-07-17T12:14:55: ------------------------- [Object: null prototype] {
  Number: '020061737775',
  Name: 'HARIS',
  Denomination: '2000',
  Rebate: '',
  CNumber: 'IUI082470'
}
2023-07-17T12:14:55: >>>>>>>>>>>>>Details>>> [Object: null prototype] {
  Number: '020061737775',
  Name: 'HARIS',
  Denomination: '2000',
  Rebate: '',
  CNumber: 'IUI082470'
}
2023-07-17T12:14:55: [0mPOST /addToList/ [32m200 [0m81.886 ms - 15[0m
2023-07-17T12:14:59: 265
2023-07-17T12:14:59: [
  {
    Ref_Number: '265',
    Name: 'JOSY JACOB',
    Number: '020067268177',
    CNumber: 'IUI082473',
    Denomination: '1500'
  }
] --------------------------------
2023-07-17T12:14:59: [0mGET /?search=265 [32m200 [0m88.102 ms - 7346[0m
2023-07-17T12:14:59: [0mGET /javascripts/script.js [36m304 [0m3.995 ms - -[0m
2023-07-17T12:15:01: ------------------------- [Object: null prototype] {
  Number: '020067268177',
  Name: 'JOSY JACOB',
  Denomination: '1500',
  Rebate: '',
  CNumber: 'IUI082473'
}
2023-07-17T12:15:01: >>>>>>>>>>>>>Details>>> [Object: null prototype] {
  Number: '020067268177',
  Name: 'JOSY JACOB',
  Denomination: '1500',
  Rebate: '',
  CNumber: 'IUI082473'
}
2023-07-17T12:15:01: [0mPOST /addToList/ [32m200 [0m77.302 ms - 15[0m
2023-07-17T12:15:05: 266
2023-07-17T12:15:05: [
  {
    Ref_Number: '266',
    Name: 'AMBILY U',
    Number: '020071042562',
    CNumber: 'IUI082474',
    Denomination: '500'
  }
] --------------------------------
2023-07-17T12:15:05: [0mGET /?search=266 [32m200 [0m87.752 ms - 7340[0m
2023-07-17T12:15:05: [0mGET /javascripts/script.js [36m304 [0m3.295 ms - -[0m
2023-07-17T12:15:07: ------------------------- [Object: null prototype] {
  Number: '020071042562',
  Name: 'AMBILY U',
  Denomination: '500',
  Rebate: '',
  CNumber: 'IUI082474'
}
2023-07-17T12:15:07: >>>>>>>>>>>>>Details>>> [Object: null prototype] {
  Number: '020071042562',
  Name: 'AMBILY U',
  Denomination: '500',
  Rebate: '',
  CNumber: 'IUI082474'
}
2023-07-17T12:15:07: [0mPOST /addToList/ [32m200 [0m92.522 ms - 15[0m
2023-07-17T12:15:11: 268
2023-07-17T12:15:11: [
  {
    Ref_Number: '268',
    Name: 'KABEER K P',
    Number: '020073923800',
    CNumber: 'IUI082476',
    Denomination: '2000'
  }
] --------------------------------
2023-07-17T12:15:11: [0mGET /?search=268 [32m200 [0m152.872 ms - 7346[0m
2023-07-17T12:15:11: [0mGET /javascripts/script.js [36m304 [0m3.189 ms - -[0m
2023-07-17T12:15:13: ------------------------- [Object: null prototype] {
  Number: '020073923800',
  Name: 'KABEER K P',
  Denomination: '2000',
  Rebate: '',
  CNumber: 'IUI082476'
}
2023-07-17T12:15:13: >>>>>>>>>>>>>Details>>> [Object: null prototype] {
  Number: '020073923800',
  Name: 'KABEER K P',
  Denomination: '2000',
  Rebate: '',
  CNumber: 'IUI082476'
}
2023-07-17T12:15:13: [0mPOST /addToList/ [32m200 [0m174.147 ms - 15[0m
2023-07-17T12:15:17: [
  {
    Name: 'NIKHITHA BABYCHAN',
    Number: '020049810700',
    Denomination: 8000,
    CNumber: 'IUI082454',
    Rebate: 1
  },
  {
    Name: 'HARIS',
    Number: '020061737775',
    Denomination: 2000,
    CNumber: 'IUI082470',
    Rebate: 1
  },
  {
    Name: 'NANDINI SIVAN',
    Number: '020061739123',
    Denomination: 3000,
    CNumber: 'IUI082469',
    Rebate: 1
  },
  {
    Name: 'JOSY JACOB',
    Number: '020067268177',
    Denomination: 1500,
    CNumber: 'IUI082473',
    Rebate: 1
  },
  {
    Name: 'AMBILY U',
    Number: '020071042562',
    Denomination: 500,
    CNumber: 'IUI082474',
    Rebate: 1
  },
  {
    Name: 'KABEER K P',
    Number: '020073923800',
    Denomination: 2000,
    CNumber: 'IUI082476',
    Rebate: 1
  },
  {
    Name: 'REVATHY SANKAR',
    Number: '3581291478',
    Denomination: 3000,
    CNumber: 'IKT0005821',
    Rebate: 1
  }
]
2023-07-17T12:15:17: [0mGET /final [32m200 [0m97.643 ms - 19099[0m
2023-07-17T12:15:17: [0mGET /javascripts/script.js [36m304 [0m3.385 ms - -[0m
2023-07-17T12:17:18: [0mGET /genarateList [32m200 [0m94889.286 ms - 16[0m
2023-07-17T12:17:41: [
  {
    Name: 'NIKHITHA BABYCHAN',
    Number: '020049810700',
    Denomination: 8000,
    CNumber: 'IUI082454',
    Rebate: 1
  },
  {
    Name: 'HARIS',
    Number: '020061737775',
    Denomination: 2000,
    CNumber: 'IUI082470',
    Rebate: 1
  },
  {
    Name: 'NANDINI SIVAN',
    Number: '020061739123',
    Denomination: 3000,
    CNumber: 'IUI082469',
    Rebate: 1
  },
  {
    Name: 'JOSY JACOB',
    Number: '020067268177',
    Denomination: 1500,
    CNumber: 'IUI082473',
    Rebate: 1
  },
  {
    Name: 'AMBILY U',
    Number: '020071042562',
    Denomination: 500,
    CNumber: 'IUI082474',
    Rebate: 1
  },
  {
    Name: 'KABEER K P',
    Number: '020073923800',
    Denomination: 2000,
    CNumber: 'IUI082476',
    Rebate: 1
  },
  {
    Name: 'REVATHY SANKAR',
    Number: '3581291478',
    Denomination: 3000,
    CNumber: 'IKT0005821',
    Rebate: 1
  }
]
2023-07-17T12:17:41: [0mGET /final [36m304 [0m338.979 ms - -[0m
2023-07-17T12:17:41: [0mGET /javascripts/script.js [36m304 [0m3.264 ms - -[0m
2023-07-17T12:17:44: [0mGET /finish [36m302 [0m42.495 ms - 46[0m
2023-07-17T12:17:44: undefined
2023-07-17T12:17:44: [0mGET / [36m304 [0m102.130 ms - -[0m
2023-07-17T12:17:44: [0mGET /javascripts/script.js [36m304 [0m3.313 ms - -[0m
2023-07-17T12:17:58: 74
2023-07-17T12:17:58: [
  {
    Number: '3799414133',
    Name: 'GOURI KRISHNA',
    Denomination: '2000',
    CNumber: 'IHW0045521',
    Ref_Number: '74'
  }
] --------------------------------
2023-07-17T12:17:58: [0mGET /?search=74 [32m200 [0m86.299 ms - 7349[0m
2023-07-17T12:17:58: [0mGET /javascripts/script.js [36m304 [0m4.112 ms - -[0m
2023-07-17T12:18:01: ------------------------- [Object: null prototype] {
  Number: '3799414133',
  Name: 'GOURI KRISHNA',
  Denomination: '2000',
  Rebate: '',
  CNumber: 'IHW0045521'
}
2023-07-17T12:18:01: >>>>>>>>>>>>>Details>>> [Object: null prototype] {
  Number: '3799414133',
  Name: 'GOURI KRISHNA',
  Denomination: '2000',
  Rebate: '',
  CNumber: 'IHW0045521'
}
2023-07-17T12:18:02: [0mPOST /addToList/ [32m200 [0m105.529 ms - 15[0m
2023-07-17T12:18:06: 123
2023-07-17T12:18:06: [
  {
    Number: '4203551413',
    Name: 'SASIDHARAN K',
    Denomination: '1000',
    CNumber: 'IHW004571',
    Ref_Number: '123'
  }
] --------------------------------
2023-07-17T12:18:06: [0mGET /?search=123 [32m200 [0m77.762 ms - 7346[0m
2023-07-17T12:18:06: [0mGET /javascripts/script.js [36m304 [0m2.897 ms - -[0m
2023-07-17T12:18:10: ------------------------- [Object: null prototype] {
  Number: '4203551413',
  Name: 'SASIDHARAN K',
  Denomination: '1000',
  Rebate: '',
  CNumber: 'IHW004571'
}
2023-07-17T12:18:10: >>>>>>>>>>>>>Details>>> [Object: null prototype] {
  Number: '4203551413',
  Name: 'SASIDHARAN K',
  Denomination: '1000',
  Rebate: '',
  CNumber: 'IHW004571'
}
2023-07-17T12:18:10: [0mPOST /addToList/ [32m200 [0m76.295 ms - 15[0m
2023-07-17T12:18:14: 125
2023-07-17T12:18:14: [
  {
    Number: '4203570001',
    Name: 'DIVYA G NAIR',
    Denomination: '5000',
    CNumber: 'IHW004573',
    Ref_Number: '125'
  }
] --------------------------------
2023-07-17T12:18:14: [0mGET /?search=125 [32m200 [0m78.324 ms - 7346[0m
2023-07-17T12:18:15: [0mGET /javascripts/script.js [36m304 [0m3.144 ms - -[0m
2023-07-17T12:18:18: ------------------------- [Object: null prototype] {
  Number: '4203570001',
  Name: 'DIVYA G NAIR',
  Denomination: '5000',
  Rebate: '',
  CNumber: 'IHW004573'
}
2023-07-17T12:18:18: >>>>>>>>>>>>>Details>>> [Object: null prototype] {
  Number: '4203570001',
  Name: 'DIVYA G NAIR',
  Denomination: '5000',
  Rebate: '',
  CNumber: 'IHW004573'
}
2023-07-17T12:18:18: [0mPOST /addToList/ [32m200 [0m75.688 ms - 15[0m
2023-07-17T12:18:23: 145
2023-07-17T12:18:23: [
  {
    Number: '4362027668',
    Name: 'BOBY THOMAS',
    Denomination: '3000',
    CNumber: 'IHW004593',
    Ref_Number: '145'
  }
] --------------------------------
2023-07-17T12:18:23: [0mGET /?search=145 [32m200 [0m99.365 ms - 7344[0m
2023-07-17T12:18:23: [0mGET /javascripts/script.js [36m304 [0m3.026 ms - -[0m
2023-07-17T12:18:25: ------------------------- [Object: null prototype] {
  Number: '4362027668',
  Name: 'BOBY THOMAS',
  Denomination: '3000',
  Rebate: '',
  CNumber: 'IHW004593'
}
2023-07-17T12:18:25: >>>>>>>>>>>>>Details>>> [Object: null prototype] {
  Number: '4362027668',
  Name: 'BOBY THOMAS',
  Denomination: '3000',
  Rebate: '',
  CNumber: 'IHW004593'
}
2023-07-17T12:18:25: [0mPOST /addToList/ [32m200 [0m73.261 ms - 15[0m
2023-07-17T12:18:30: 148
2023-07-17T12:18:30: [
  {
    Number: '4407809006',
    Name: 'P NOOR ZAMEER',
    Denomination: '2000',
    CNumber: 'IHW004596',
    Ref_Number: '148'
  }
] --------------------------------
2023-07-17T12:18:30: [0mGET /?search=148 [32m200 [0m81.272 ms - 7348[0m
2023-07-17T12:18:30: [0mGET /javascripts/script.js [36m304 [0m2.911 ms - -[0m
2023-07-17T12:18:32: ------------------------- [Object: null prototype] {
  Number: '4407809006',
  Name: 'P NOOR ZAMEER',
  Denomination: '2000',
  Rebate: '',
  CNumber: 'IHW004596'
}
2023-07-17T12:18:32: >>>>>>>>>>>>>Details>>> [Object: null prototype] {
  Number: '4407809006',
  Name: 'P NOOR ZAMEER',
  Denomination: '2000',
  Rebate: '',
  CNumber: 'IHW004596'
}
2023-07-17T12:18:32: [0mPOST /addToList/ [32m200 [0m75.364 ms - 15[0m
2023-07-17T12:18:37: 158
2023-07-17T12:18:37: [
  {
    Number: '4582974650',
    Name: 'VINAI RAJ U',
    Denomination: '1000',
    CNumber: 'ITK070157',
    Ref_Number: '158'
  }
] --------------------------------
2023-07-17T12:18:37: [0mGET /?search=158 [32m200 [0m82.072 ms - 7344[0m
2023-07-17T12:18:37: [0mGET /javascripts/script.js [36m304 [0m3.023 ms - -[0m
2023-07-17T12:18:39: ------------------------- [Object: null prototype] {
  Number: '4582974650',
  Name: 'VINAI RAJ U',
  Denomination: '1000',
  Rebate: '',
  CNumber: 'ITK070157'
}
2023-07-17T12:18:39: >>>>>>>>>>>>>Details>>> [Object: null prototype] {
  Number: '4582974650',
  Name: 'VINAI RAJ U',
  Denomination: '1000',
  Rebate: '',
  CNumber: 'ITK070157'
}
2023-07-17T12:18:39: [0mPOST /addToList/ [32m200 [0m80.881 ms - 15[0m
2023-07-17T12:18:44: 204
2023-07-17T12:18:44: [
  {
    Ref_Number: '204',
    Name: 'SINDHU JOSE',
    Number: '020013960211',
    CNumber: 'ITK 070209',
    Denomination: '1000'
  }
] --------------------------------
2023-07-17T12:18:44: [0mGET /?search=204 [32m200 [0m92.947 ms - 7349[0m
2023-07-17T12:18:44: [0mGET /javascripts/script.js [36m304 [0m3.092 ms - -[0m
2023-07-17T12:18:46: ------------------------- [Object: null prototype] {
  Number: '020013960211',
  Name: 'SINDHU JOSE',
  Denomination: '1000',
  Rebate: '',
  CNumber: 'ITK 070209'
}
2023-07-17T12:18:46: >>>>>>>>>>>>>Details>>> [Object: null prototype] {
  Number: '020013960211',
  Name: 'SINDHU JOSE',
  Denomination: '1000',
  Rebate: '',
  CNumber: 'ITK 070209'
}
2023-07-17T12:18:46: [0mPOST /addToList/ [32m200 [0m74.110 ms - 15[0m
2023-07-17T12:18:51: 205
2023-07-17T12:18:51: [
  {
    Ref_Number: '205',
    Name: 'LATHA BIJU',
    Number: '020013962246',
    CNumber: 'ITK 070210',
    Denomination: '1000'
  }
] --------------------------------
2023-07-17T12:18:51: [0mGET /?search=205 [32m200 [0m78.145 ms - 7347[0m
2023-07-17T12:18:51: [0mGET /javascripts/script.js [36m304 [0m3.119 ms - -[0m
2023-07-17T12:18:53: ------------------------- [Object: null prototype] {
  Number: '020013962246',
  Name: 'LATHA BIJU',
  Denomination: '1000',
  Rebate: '',
  CNumber: 'ITK 070210'
}
2023-07-17T12:18:53: >>>>>>>>>>>>>Details>>> [Object: null prototype] {
  Number: '020013962246',
  Name: 'LATHA BIJU',
  Denomination: '1000',
  Rebate: '',
  CNumber: 'ITK 070210'
}
2023-07-17T12:18:53: [0mPOST /addToList/ [32m200 [0m83.185 ms - 15[0m
2023-07-17T12:18:58: 206
2023-07-17T12:18:58: [
  {
    Ref_Number: '206',
    Name: 'SINI BITTAR',
    Number: '020013958087',
    CNumber: 'ITK 070211',
    Denomination: '1000'
  }
] --------------------------------
2023-07-17T12:18:58: [0mGET /?search=206 [32m200 [0m78.874 ms - 7349[0m
2023-07-17T12:18:58: [0mGET /javascripts/script.js [36m304 [0m3.114 ms - -[0m
2023-07-17T12:19:00: ------------------------- [Object: null prototype] {
  Number: '020013958087',
  Name: 'SINI BITTAR',
  Denomination: '1000',
  Rebate: '',
  CNumber: 'ITK 070211'
}
2023-07-17T12:19:00: >>>>>>>>>>>>>Details>>> [Object: null prototype] {
  Number: '020013958087',
  Name: 'SINI BITTAR',
  Denomination: '1000',
  Rebate: '',
  CNumber: 'ITK 070211'
}
2023-07-17T12:19:00: [0mPOST /addToList/ [32m200 [0m81.490 ms - 15[0m
2023-07-17T12:19:04: 221
2023-07-17T12:19:04: [
  {
    Ref_Number: '221',
    Name: 'VIJAYAMMA',
    Number: '020024799279',
    CNumber: 'ITK 070226',
    Denomination: '1000'
  }
] --------------------------------
2023-07-17T12:19:04: [0mGET /?search=221 [32m200 [0m86.488 ms - 7345[0m
2023-07-17T12:19:04: [0mGET /javascripts/script.js [36m304 [0m3.037 ms - -[0m
2023-07-17T12:19:06: ------------------------- [Object: null prototype] {
  Number: '020024799279',
  Name: 'VIJAYAMMA',
  Denomination: '1000',
  Rebate: '',
  CNumber: 'ITK 070226'
}
2023-07-17T12:19:06: >>>>>>>>>>>>>Details>>> [Object: null prototype] {
  Number: '020024799279',
  Name: 'VIJAYAMMA',
  Denomination: '1000',
  Rebate: '',
  CNumber: 'ITK 070226'
}
2023-07-17T12:19:06: [0mPOST /addToList/ [32m200 [0m80.837 ms - 15[0m
2023-07-17T12:19:11: 269
2023-07-17T12:19:11: [
  {
    Ref_Number: '269',
    Name: 'DEEPA KALESH',
    Number: '020079693107',
    CNumber: 'IUI082477',
    Denomination: '1000'
  }
] --------------------------------
2023-07-17T12:19:11: [0mGET /?search=269 [32m200 [0m89.672 ms - 7350[0m
2023-07-17T12:19:11: [0mGET /javascripts/script.js [36m304 [0m2.948 ms - -[0m
2023-07-17T12:19:13: ------------------------- [Object: null prototype] {
  Number: '020079693107',
  Name: 'DEEPA KALESH',
  Denomination: '1000',
  Rebate: '',
  CNumber: 'IUI082477'
}
2023-07-17T12:19:13: >>>>>>>>>>>>>Details>>> [Object: null prototype] {
  Number: '020079693107',
  Name: 'DEEPA KALESH',
  Denomination: '1000',
  Rebate: '',
  CNumber: 'IUI082477'
}
2023-07-17T12:19:13: [0mPOST /addToList/ [32m200 [0m77.449 ms - 15[0m
2023-07-17T12:19:19: [
  {
    Name: 'SINI BITTAR',
    Number: '020013958087',
    Denomination: 1000,
    CNumber: 'ITK 070211',
    Rebate: 1
  },
  {
    Name: 'SINDHU JOSE',
    Number: '020013960211',
    Denomination: 1000,
    CNumber: 'ITK 070209',
    Rebate: 1
  },
  {
    Name: 'LATHA BIJU',
    Number: '020013962246',
    Denomination: 1000,
    CNumber: 'ITK 070210',
    Rebate: 1
  },
  {
    Name: 'VIJAYAMMA',
    Number: '020024799279',
    Denomination: 1000,
    CNumber: 'ITK 070226',
    Rebate: 1
  },
  {
    Name: 'DEEPA KALESH',
    Number: '020079693107',
    Denomination: 1000,
    CNumber: 'IUI082477',
    Rebate: 1
  },
  {
    Name: 'GOURI KRISHNA',
    Number: '3799414133',
    Denomination: 2000,
    CNumber: 'IHW0045521',
    Rebate: 1
  },
  {
    Name: 'SASIDHARAN K',
    Number: '4203551413',
    Denomination: 1000,
    CNumber: 'IHW004571',
    Rebate: 1
  },
  {
    Name: 'DIVYA G NAIR',
    Number: '4203570001',
    Denomination: 5000,
    CNumber: 'IHW004573',
    Rebate: 1
  },
  {
    Name: 'BOBY THOMAS',
    Number: '4362027668',
    Denomination: 3000,
    CNumber: 'IHW004593',
    Rebate: 1
  },
  {
    Name: 'P NOOR ZAMEER',
    Number: '4407809006',
    Denomination: 2000,
    CNumber: 'IHW004596',
    Rebate: 1
  },
  {
    Name: 'VINAI RAJ U',
    Number: '4582974650',
    Denomination: 1000,
    CNumber: 'ITK070157',
    Rebate: 1
  }
]
2023-07-17T12:19:19: [0mGET /final [32m200 [0m79.046 ms - 24753[0m
2023-07-17T12:19:19: [0mGET /javascripts/script.js [36m304 [0m3.161 ms - -[0m
2023-07-17T12:23:08: [0mGET /add [32m200 [0m27.224 ms - 6127[0m
2023-07-17T12:23:08: [0mGET /javascripts/script.js [36m304 [0m3.704 ms - -[0m
2023-07-17T12:24:38: [0mPOST /addAccount [36m302 [0m180.370 ms - 46[0m
2023-07-17T12:24:38: undefined
2023-07-17T12:24:38: [0mGET / [32m200 [0m134.569 ms - 101982[0m
2023-07-17T12:24:38: [0mGET /javascripts/script.js [36m304 [0m4.379 ms - -[0m
2023-07-17T12:24:48: 269
2023-07-17T12:24:48: [
  {
    Ref_Number: '269',
    Name: 'DEEPA KALESH',
    Number: '020079693107',
    CNumber: 'IUI082477',
    Denomination: '1000'
  }
] --------------------------------
2023-07-17T12:24:48: [0mGET /?search=269 [36m304 [0m134.916 ms - -[0m
2023-07-17T12:24:48: [0mGET /javascripts/script.js [36m304 [0m4.248 ms - -[0m
2023-07-17T12:26:46: undefined
2023-07-17T12:26:46: [0mGET / [36m304 [0m154.256 ms - -[0m
2023-07-17T12:26:47: [0mGET /javascripts/script.js [36m304 [0m3.023 ms - -[0m
2023-07-17T12:26:51: [
  {
    Name: 'SINI BITTAR',
    Number: '020013958087',
    Denomination: 1000,
    CNumber: 'ITK 070211',
    Rebate: 1
  },
  {
    Name: 'SINDHU JOSE',
    Number: '020013960211',
    Denomination: 1000,
    CNumber: 'ITK 070209',
    Rebate: 1
  },
  {
    Name: 'LATHA BIJU',
    Number: '020013962246',
    Denomination: 1000,
    CNumber: 'ITK 070210',
    Rebate: 1
  },
  {
    Name: 'VIJAYAMMA',
    Number: '020024799279',
    Denomination: 1000,
    CNumber: 'ITK 070226',
    Rebate: 1
  },
  {
    Name: 'DEEPA KALESH',
    Number: '020079693107',
    Denomination: 1000,
    CNumber: 'IUI082477',
    Rebate: 1
  },
  {
    Name: 'GOURI KRISHNA',
    Number: '3799414133',
    Denomination: 2000,
    CNumber: 'IHW0045521',
    Rebate: 1
  },
  {
    Name: 'SASIDHARAN K',
    Number: '4203551413',
    Denomination: 1000,
    CNumber: 'IHW004571',
    Rebate: 1
  },
  {
    Name: 'DIVYA G NAIR',
    Number: '4203570001',
    Denomination: 5000,
    CNumber: 'IHW004573',
    Rebate: 1
  },
  {
    Name: 'BOBY THOMAS',
    Number: '4362027668',
    Denomination: 3000,
    CNumber: 'IHW004593',
    Rebate: 1
  },
  {
    Name: 'P NOOR ZAMEER',
    Number: '4407809006',
    Denomination: 2000,
    CNumber: 'IHW004596',
    Rebate: 1
  },
  {
    Name: 'VINAI RAJ U',
    Number: '4582974650',
    Denomination: 1000,
    CNumber: 'ITK070157',
    Rebate: 1
  }
]
2023-07-17T12:26:51: [0mGET /final [36m304 [0m103.078 ms - -[0m
2023-07-17T12:26:51: [0mGET /javascripts/script.js [36m304 [0m2.902 ms - -[0m
2023-07-17T12:27:08: [0mPOST /deleteFromList [32m200 [0m71.492 ms - 21[0m
2023-07-17T12:27:08: [
  {
    Name: 'SINI BITTAR',
    Number: '020013958087',
    Denomination: 1000,
    CNumber: 'ITK 070211',
    Rebate: 1
  },
  {
    Name: 'SINDHU JOSE',
    Number: '020013960211',
    Denomination: 1000,
    CNumber: 'ITK 070209',
    Rebate: 1
  },
  {
    Name: 'LATHA BIJU',
    Number: '020013962246',
    Denomination: 1000,
    CNumber: 'ITK 070210',
    Rebate: 1
  },
  {
    Name: 'VIJAYAMMA',
    Number: '020024799279',
    Denomination: 1000,
    CNumber: 'ITK 070226',
    Rebate: 1
  },
  {
    Name: 'GOURI KRISHNA',
    Number: '3799414133',
    Denomination: 2000,
    CNumber: 'IHW0045521',
    Rebate: 1
  },
  {
    Name: 'SASIDHARAN K',
    Number: '4203551413',
    Denomination: 1000,
    CNumber: 'IHW004571',
    Rebate: 1
  },
  {
    Name: 'DIVYA G NAIR',
    Number: '4203570001',
    Denomination: 5000,
    CNumber: 'IHW004573',
    Rebate: 1
  },
  {
    Name: 'BOBY THOMAS',
    Number: '4362027668',
    Denomination: 3000,
    CNumber: 'IHW004593',
    Rebate: 1
  },
  {
    Name: 'P NOOR ZAMEER',
    Number: '4407809006',
    Denomination: 2000,
    CNumber: 'IHW004596',
    Rebate: 1
  },
  {
    Name: 'VINAI RAJ U',
    Number: '4582974650',
    Denomination: 1000,
    CNumber: 'ITK070157',
    Rebate: 1
  }
]
2023-07-17T12:27:08: [0mGET /final [32m200 [0m90.088 ms - 23322[0m
2023-07-17T12:27:08: [0mGET /javascripts/script.js [36m304 [0m3.865 ms - -[0m
2023-07-17T12:27:32: undefined
2023-07-17T12:27:33: [0mGET / [36m304 [0m91.004 ms - -[0m
2023-07-17T12:27:33: [0mGET /javascripts/script.js [36m304 [0m3.137 ms - -[0m
2023-07-17T12:27:39: 269
2023-07-17T12:27:39: [
  {
    Ref_Number: '269',
    Name: 'DEEPA KALESH',
    Number: '020079693107',
    CNumber: 'IUI082477',
    Denomination: '1000'
  }
] --------------------------------
2023-07-17T12:27:39: [0mGET /?search=269 [36m304 [0m550.587 ms - -[0m
2023-07-17T12:27:39: [0mGET /javascripts/script.js [36m304 [0m3.831 ms - -[0m
2023-07-17T12:28:05: ------------------------- [Object: null prototype] {
  Number: '020079693107',
  Name: 'DEEPA KALESH',
  Denomination: '1000',
  Rebate: '',
  CNumber: 'IUI082477'
}
2023-07-17T12:28:05: >>>>>>>>>>>>>Details>>> [Object: null prototype] {
  Number: '020079693107',
  Name: 'DEEPA KALESH',
  Denomination: '1000',
  Rebate: '',
  CNumber: 'IUI082477'
}
2023-07-17T12:28:05: [0mPOST /addToList/ [32m200 [0m85.513 ms - 15[0m
2023-07-17T12:28:29: undefined
2023-07-17T12:28:29: [0mGET / [36m304 [0m81.961 ms - -[0m
2023-07-17T12:28:30: [0mGET /javascripts/script.js [36m304 [0m4.013 ms - -[0m
2023-07-17T12:29:47: ------------------------- [Object: null prototype] {
  Number: '020079693107',
  Name: 'DEEPA KALESH',
  Denomination: '1000',
  Rebate: '',
  CNumber: 'IUI082477'
}
2023-07-17T12:29:47: >>>>>>>>>>>>>Details>>> [Object: null prototype] {
  Number: '020079693107',
  Name: 'DEEPA KALESH',
  Denomination: '1000',
  Rebate: '',
  CNumber: 'IUI082477'
}
2023-07-17T12:29:47: [0mPOST /addToList/ [32m200 [0m38.280 ms - 16[0m
2023-07-17T12:29:59: undefined
2023-07-17T12:29:59: [0mGET / [36m304 [0m344.536 ms - -[0m
2023-07-17T12:29:59: [0mGET /javascripts/script.js [36m304 [0m3.033 ms - -[0m
2023-07-17T12:31:31: [0mGET /delete [32m200 [0m48.873 ms - 5131[0m
2023-07-17T12:31:31: [0mGET /javascripts/script.js [36m304 [0m2.961 ms - -[0m
2023-07-17T12:31:52: [0mPOST /deleteAccount [36m302 [0m48.520 ms - 46[0m
2023-07-17T12:31:52: undefined
2023-07-17T12:31:52: [0mGET / [32m200 [0m100.557 ms - 101358[0m
2023-07-17T12:31:52: [0mGET /javascripts/script.js [36m304 [0m2.984 ms - -[0m
2023-07-17T12:31:58: [0mGET /delete [36m304 [0m7.653 ms - -[0m
2023-07-17T12:31:58: [0mGET /javascripts/script.js [36m304 [0m3.071 ms - -[0m
2023-07-17T12:32:13: [0mPOST /deleteAccount [36m302 [0m38.086 ms - 46[0m
2023-07-17T12:32:13: undefined
2023-07-17T12:32:13: [0mGET / [36m304 [0m93.014 ms - -[0m
2023-07-17T12:32:13: [0mGET /javascripts/script.js [36m304 [0m3.137 ms - -[0m
2023-07-17T12:32:29: [0mGET /delete [36m304 [0m8.380 ms - -[0m
2023-07-17T12:32:29: [0mGET /javascripts/script.js [36m304 [0m4.782 ms - -[0m
2023-07-17T12:32:42: [0mPOST /deleteAccount [36m302 [0m48.137 ms - 46[0m
2023-07-17T12:32:42: undefined
2023-07-17T12:32:42: [0mGET / [32m200 [0m93.820 ms - 100734[0m
2023-07-17T12:32:42: [0mGET /javascripts/script.js [36m304 [0m2.888 ms - -[0m
2023-07-17T12:32:46: [0mGET /add [36m304 [0m9.370 ms - -[0m
2023-07-17T12:32:47: [0mGET /javascripts/script.js [36m304 [0m4.095 ms - -[0m
2023-07-17T12:33:45: [0mPOST /addAccount [36m302 [0m49.999 ms - 46[0m
2023-07-17T12:33:45: undefined
2023-07-17T12:33:45: [0mGET / [32m200 [0m96.075 ms - 101358[0m
2023-07-17T12:33:46: [0mGET /javascripts/script.js [36m304 [0m3.802 ms - -[0m
2023-07-17T12:33:56: 269
2023-07-17T12:33:56: [
  {
    Ref_Number: '269',
    Name: 'DEEPA KALESH',
    Number: '020079693107',
    CNumber: 'IUI082477',
    Denomination: '2000'
  }
] --------------------------------
2023-07-17T12:33:56: [0mGET /?search=269 [32m200 [0m94.586 ms - 7350[0m
2023-07-17T12:33:56: [0mGET /javascripts/script.js [36m304 [0m4.194 ms - -[0m
2023-07-17T12:33:58: ------------------------- [Object: null prototype] {
  Number: '020079693107',
  Name: 'DEEPA KALESH',
  Denomination: '2000',
  Rebate: '',
  CNumber: 'IUI082477'
}
2023-07-17T12:33:58: >>>>>>>>>>>>>Details>>> [Object: null prototype] {
  Number: '020079693107',
  Name: 'DEEPA KALESH',
  Denomination: '2000',
  Rebate: '',
  CNumber: 'IUI082477'
}
2023-07-17T12:33:58: [0mPOST /addToList/ [32m200 [0m52.891 ms - 16[0m
2023-07-17T12:34:03: [
  {
    Name: 'SINI BITTAR',
    Number: '020013958087',
    Denomination: 1000,
    CNumber: 'ITK 070211',
    Rebate: 1
  },
  {
    Name: 'SINDHU JOSE',
    Number: '020013960211',
    Denomination: 1000,
    CNumber: 'ITK 070209',
    Rebate: 1
  },
  {
    Name: 'LATHA BIJU',
    Number: '020013962246',
    Denomination: 1000,
    CNumber: 'ITK 070210',
    Rebate: 1
  },
  {
    Name: 'VIJAYAMMA',
    Number: '020024799279',
    Denomination: 1000,
    CNumber: 'ITK 070226',
    Rebate: 1
  },
  {
    Name: 'DEEPA KALESH',
    Number: '020079693107',
    Denomination: 1000,
    CNumber: 'IUI082477',
    Rebate: 1
  },
  {
    Name: 'GOURI KRISHNA',
    Number: '3799414133',
    Denomination: 2000,
    CNumber: 'IHW0045521',
    Rebate: 1
  },
  {
    Name: 'SASIDHARAN K',
    Number: '4203551413',
    Denomination: 1000,
    CNumber: 'IHW004571',
    Rebate: 1
  },
  {
    Name: 'DIVYA G NAIR',
    Number: '4203570001',
    Denomination: 5000,
    CNumber: 'IHW004573',
    Rebate: 1
  },
  {
    Name: 'BOBY THOMAS',
    Number: '4362027668',
    Denomination: 3000,
    CNumber: 'IHW004593',
    Rebate: 1
  },
  {
    Name: 'P NOOR ZAMEER',
    Number: '4407809006',
    Denomination: 2000,
    CNumber: 'IHW004596',
    Rebate: 1
  },
  {
    Name: 'VINAI RAJ U',
    Number: '4582974650',
    Denomination: 1000,
    CNumber: 'ITK070157',
    Rebate: 1
  }
]
2023-07-17T12:34:03: [0mGET /final [32m200 [0m84.944 ms - 24753[0m
2023-07-17T12:34:03: [0mGET /javascripts/script.js [36m304 [0m3.295 ms - -[0m
2023-07-17T12:34:27: [0mGET /finish [36m302 [0m47.214 ms - 46[0m
2023-07-17T12:34:27: undefined
2023-07-17T12:34:27: [0mGET / [36m304 [0m93.577 ms - -[0m
2023-07-17T12:34:27: [0mGET /javascripts/script.js [36m304 [0m3.022 ms - -[0m
2023-07-17T12:43:03: []
2023-07-17T12:43:03: [0mGET /final [32m200 [0m414.392 ms - 9100[0m
2023-07-17T12:43:03: [0mGET /javascripts/script.js [36m304 [0m5.025 ms - -[0m
2023-07-17T12:43:06: [0mGET /finish [36m302 [0m39.407 ms - 46[0m
2023-07-17T12:43:06: undefined
2023-07-17T12:43:06: [0mGET / [36m304 [0m87.304 ms - -[0m
2023-07-17T12:43:06: [0mGET /javascripts/script.js [36m304 [0m2.805 ms - -[0m
2023-07-17T12:46:25: 206
2023-07-17T12:46:25: [
  {
    Ref_Number: '206',
    Name: 'SINI BITTAR',
    Number: '020013958087',
    CNumber: 'ITK 070211',
    Denomination: '1000'
  }
] --------------------------------
2023-07-17T12:46:25: [0mGET /?search=206 [36m304 [0m83.857 ms - -[0m
2023-07-17T12:46:25: [0mGET /javascripts/script.js [36m304 [0m3.094 ms - -[0m
2023-07-17T12:46:27: ------------------------- [Object: null prototype] {
  Number: '020013958087',
  Name: 'SINI BITTAR',
  Denomination: '1000',
  Rebate: '',
  CNumber: 'ITK 070211'
}
2023-07-17T12:46:27: >>>>>>>>>>>>>Details>>> [Object: null prototype] {
  Number: '020013958087',
  Name: 'SINI BITTAR',
  Denomination: '1000',
  Rebate: '',
  CNumber: 'ITK 070211'
}
2023-07-17T12:46:27: [0mPOST /addToList/ [32m200 [0m86.374 ms - 15[0m
2023-07-17T12:46:32: 204
2023-07-17T12:46:32: [
  {
    Ref_Number: '204',
    Name: 'SINDHU JOSE',
    Number: '020013960211',
    CNumber: 'ITK 070209',
    Denomination: '1000'
  }
] --------------------------------
2023-07-17T12:46:32: [0mGET /?search=204 [36m304 [0m81.309 ms - -[0m
2023-07-17T12:46:32: [0mGET /javascripts/script.js [36m304 [0m3.057 ms - -[0m
2023-07-17T12:46:33: ------------------------- [Object: null prototype] {
  Number: '020013960211',
  Name: 'SINDHU JOSE',
  Denomination: '1000',
  Rebate: '',
  CNumber: 'ITK 070209'
}
2023-07-17T12:46:33: >>>>>>>>>>>>>Details>>> [Object: null prototype] {
  Number: '020013960211',
  Name: 'SINDHU JOSE',
  Denomination: '1000',
  Rebate: '',
  CNumber: 'ITK 070209'
}
2023-07-17T12:46:33: [0mPOST /addToList/ [32m200 [0m92.876 ms - 15[0m
2023-07-17T12:46:37: 205
2023-07-17T12:46:37: [
  {
    Ref_Number: '205',
    Name: 'LATHA BIJU',
    Number: '020013962246',
    CNumber: 'ITK 070210',
    Denomination: '1000'
  }
] --------------------------------
2023-07-17T12:46:37: [0mGET /?search=205 [36m304 [0m82.724 ms - -[0m
2023-07-17T12:46:37: [0mGET /javascripts/script.js [36m304 [0m3.317 ms - -[0m
2023-07-17T12:46:39: ------------------------- [Object: null prototype] {
  Number: '020013962246',
  Name: 'LATHA BIJU',
  Denomination: '1000',
  Rebate: '',
  CNumber: 'ITK 070210'
}
2023-07-17T12:46:39: >>>>>>>>>>>>>Details>>> [Object: null prototype] {
  Number: '020013962246',
  Name: 'LATHA BIJU',
  Denomination: '1000',
  Rebate: '',
  CNumber: 'ITK 070210'
}
2023-07-17T12:46:39: [0mPOST /addToList/ [32m200 [0m82.389 ms - 15[0m
2023-07-17T12:46:43: 221
2023-07-17T12:46:43: [
  {
    Ref_Number: '221',
    Name: 'VIJAYAMMA',
    Number: '020024799279',
    CNumber: 'ITK 070226',
    Denomination: '1000'
  }
] --------------------------------
2023-07-17T12:46:43: [0mGET /?search=221 [36m304 [0m92.897 ms - -[0m
2023-07-17T12:46:43: [0mGET /javascripts/script.js [36m304 [0m3.356 ms - -[0m
2023-07-17T12:46:45: ------------------------- [Object: null prototype] {
  Number: '020024799279',
  Name: 'VIJAYAMMA',
  Denomination: '1000',
  Rebate: '',
  CNumber: 'ITK 070226'
}
2023-07-17T12:46:45: >>>>>>>>>>>>>Details>>> [Object: null prototype] {
  Number: '020024799279',
  Name: 'VIJAYAMMA',
  Denomination: '1000',
  Rebate: '',
  CNumber: 'ITK 070226'
}
2023-07-17T12:46:45: [0mPOST /addToList/ [32m200 [0m86.392 ms - 15[0m
2023-07-17T12:46:50: 269
2023-07-17T12:46:50: [
  {
    Ref_Number: '269',
    Name: 'DEEPA KALESH',
    Number: '020079693107',
    CNumber: 'IUI082477',
    Denomination: '2000'
  }
] --------------------------------
2023-07-17T12:46:50: [0mGET /?search=269 [36m304 [0m80.041 ms - -[0m
2023-07-17T12:46:50: [0mGET /javascripts/script.js [36m304 [0m3.607 ms - -[0m
2023-07-17T12:46:52: ------------------------- [Object: null prototype] {
  Number: '020079693107',
  Name: 'DEEPA KALESH',
  Denomination: '2000',
  Rebate: '',
  CNumber: 'IUI082477'
}
2023-07-17T12:46:52: >>>>>>>>>>>>>Details>>> [Object: null prototype] {
  Number: '020079693107',
  Name: 'DEEPA KALESH',
  Denomination: '2000',
  Rebate: '',
  CNumber: 'IUI082477'
}
2023-07-17T12:46:52: [0mPOST /addToList/ [32m200 [0m132.922 ms - 15[0m
2023-07-17T12:46:56: 74
2023-07-17T12:46:56: [
  {
    Number: '3799414133',
    Name: 'GOURI KRISHNA',
    Denomination: '2000',
    CNumber: 'IHW0045521',
    Ref_Number: '74'
  }
] --------------------------------
2023-07-17T12:46:56: [0mGET /?search=74 [36m304 [0m82.875 ms - -[0m
2023-07-17T12:46:56: [0mGET /javascripts/script.js [36m304 [0m3.943 ms - -[0m
2023-07-17T12:46:58: ------------------------- [Object: null prototype] {
  Number: '3799414133',
  Name: 'GOURI KRISHNA',
  Denomination: '2000',
  Rebate: '',
  CNumber: 'IHW0045521'
}
2023-07-17T12:46:58: >>>>>>>>>>>>>Details>>> [Object: null prototype] {
  Number: '3799414133',
  Name: 'GOURI KRISHNA',
  Denomination: '2000',
  Rebate: '',
  CNumber: 'IHW0045521'
}
2023-07-17T12:46:58: [0mPOST /addToList/ [32m200 [0m189.534 ms - 15[0m
2023-07-17T12:47:03: 123
2023-07-17T12:47:03: [
  {
    Number: '4203551413',
    Name: 'SASIDHARAN K',
    Denomination: '1000',
    CNumber: 'IHW004571',
    Ref_Number: '123'
  }
] --------------------------------
2023-07-17T12:47:03: [0mGET /?search=123 [36m304 [0m82.366 ms - -[0m
2023-07-17T12:47:03: [0mGET /javascripts/script.js [36m304 [0m4.158 ms - -[0m
2023-07-17T12:47:04: ------------------------- [Object: null prototype] {
  Number: '4203551413',
  Name: 'SASIDHARAN K',
  Denomination: '1000',
  Rebate: '',
  CNumber: 'IHW004571'
}
2023-07-17T12:47:04: >>>>>>>>>>>>>Details>>> [Object: null prototype] {
  Number: '4203551413',
  Name: 'SASIDHARAN K',
  Denomination: '1000',
  Rebate: '',
  CNumber: 'IHW004571'
}
2023-07-17T12:47:04: [0mPOST /addToList/ [32m200 [0m86.170 ms - 15[0m
2023-07-17T12:47:08: 125
2023-07-17T12:47:08: [
  {
    Number: '4203570001',
    Name: 'DIVYA G NAIR',
    Denomination: '5000',
    CNumber: 'IHW004573',
    Ref_Number: '125'
  }
] --------------------------------
2023-07-17T12:47:08: [0mGET /?search=125 [36m304 [0m88.590 ms - -[0m
2023-07-17T12:47:08: [0mGET /javascripts/script.js [36m304 [0m4.015 ms - -[0m
2023-07-17T12:47:10: ------------------------- [Object: null prototype] {
  Number: '4203570001',
  Name: 'DIVYA G NAIR',
  Denomination: '5000',
  Rebate: '',
  CNumber: 'IHW004573'
}
2023-07-17T12:47:10: >>>>>>>>>>>>>Details>>> [Object: null prototype] {
  Number: '4203570001',
  Name: 'DIVYA G NAIR',
  Denomination: '5000',
  Rebate: '',
  CNumber: 'IHW004573'
}
2023-07-17T12:47:10: [0mPOST /addToList/ [32m200 [0m98.699 ms - 15[0m
2023-07-17T12:47:14: 145
2023-07-17T12:47:14: [
  {
    Number: '4362027668',
    Name: 'BOBY THOMAS',
    Denomination: '3000',
    CNumber: 'IHW004593',
    Ref_Number: '145'
  }
] --------------------------------
2023-07-17T12:47:14: [0mGET /?search=145 [36m304 [0m82.603 ms - -[0m
2023-07-17T12:47:14: [0mGET /javascripts/script.js [36m304 [0m3.764 ms - -[0m
2023-07-17T12:47:16: ------------------------- [Object: null prototype] {
  Number: '4362027668',
  Name: 'BOBY THOMAS',
  Denomination: '3000',
  Rebate: '',
  CNumber: 'IHW004593'
}
2023-07-17T12:47:16: >>>>>>>>>>>>>Details>>> [Object: null prototype] {
  Number: '4362027668',
  Name: 'BOBY THOMAS',
  Denomination: '3000',
  Rebate: '',
  CNumber: 'IHW004593'
}
2023-07-17T12:47:16: [0mPOST /addToList/ [32m200 [0m80.670 ms - 15[0m
2023-07-17T12:47:22: 148
2023-07-17T12:47:22: [
  {
    Number: '4407809006',
    Name: 'P NOOR ZAMEER',
    Denomination: '2000',
    CNumber: 'IHW004596',
    Ref_Number: '148'
  }
] --------------------------------
2023-07-17T12:47:22: [0mGET /?search=148 [36m304 [0m86.524 ms - -[0m
2023-07-17T12:47:22: [0mGET /javascripts/script.js [36m304 [0m3.523 ms - -[0m
2023-07-17T12:47:24: ------------------------- [Object: null prototype] {
  Number: '4407809006',
  Name: 'P NOOR ZAMEER',
  Denomination: '2000',
  Rebate: '',
  CNumber: 'IHW004596'
}
2023-07-17T12:47:24: >>>>>>>>>>>>>Details>>> [Object: null prototype] {
  Number: '4407809006',
  Name: 'P NOOR ZAMEER',
  Denomination: '2000',
  Rebate: '',
  CNumber: 'IHW004596'
}
2023-07-17T12:47:24: [0mPOST /addToList/ [32m200 [0m80.049 ms - 15[0m
2023-07-17T12:47:28: 158
2023-07-17T12:47:28: [
  {
    Number: '4582974650',
    Name: 'VINAI RAJ U',
    Denomination: '1000',
    CNumber: 'ITK070157',
    Ref_Number: '158'
  }
] --------------------------------
2023-07-17T12:47:28: [0mGET /?search=158 [36m304 [0m81.309 ms - -[0m
2023-07-17T12:47:28: [0mGET /javascripts/script.js [36m304 [0m2.927 ms - -[0m
2023-07-17T12:47:29: ------------------------- [Object: null prototype] {
  Number: '4582974650',
  Name: 'VINAI RAJ U',
  Denomination: '1000',
  Rebate: '',
  CNumber: 'ITK070157'
}
2023-07-17T12:47:29: >>>>>>>>>>>>>Details>>> [Object: null prototype] {
  Number: '4582974650',
  Name: 'VINAI RAJ U',
  Denomination: '1000',
  Rebate: '',
  CNumber: 'ITK070157'
}
2023-07-17T12:47:29: [0mPOST /addToList/ [32m200 [0m87.692 ms - 15[0m
2023-07-17T12:47:33: [
  {
    Name: 'SINI BITTAR',
    Number: '020013958087',
    Denomination: 1000,
    CNumber: 'ITK 070211',
    Rebate: 1
  },
  {
    Name: 'SINDHU JOSE',
    Number: '020013960211',
    Denomination: 1000,
    CNumber: 'ITK 070209',
    Rebate: 1
  },
  {
    Name: 'LATHA BIJU',
    Number: '020013962246',
    Denomination: 1000,
    CNumber: 'ITK 070210',
    Rebate: 1
  },
  {
    Name: 'VIJAYAMMA',
    Number: '020024799279',
    Denomination: 1000,
    CNumber: 'ITK 070226',
    Rebate: 1
  },
  {
    Name: 'DEEPA KALESH',
    Number: '020079693107',
    Denomination: 2000,
    CNumber: 'IUI082477',
    Rebate: 1
  },
  {
    Name: 'GOURI KRISHNA',
    Number: '3799414133',
    Denomination: 2000,
    CNumber: 'IHW0045521',
    Rebate: 1
  },
  {
    Name: 'SASIDHARAN K',
    Number: '4203551413',
    Denomination: 1000,
    CNumber: 'IHW004571',
    Rebate: 1
  },
  {
    Name: 'DIVYA G NAIR',
    Number: '4203570001',
    Denomination: 5000,
    CNumber: 'IHW004573',
    Rebate: 1
  },
  {
    Name: 'BOBY THOMAS',
    Number: '4362027668',
    Denomination: 3000,
    CNumber: 'IHW004593',
    Rebate: 1
  },
  {
    Name: 'P NOOR ZAMEER',
    Number: '4407809006',
    Denomination: 2000,
    CNumber: 'IHW004596',
    Rebate: 1
  },
  {
    Name: 'VINAI RAJ U',
    Number: '4582974650',
    Denomination: 1000,
    CNumber: 'ITK070157',
    Rebate: 1
  }
]
2023-07-17T12:47:33: [0mGET /final [32m200 [0m118.821 ms - 24753[0m
2023-07-17T12:47:33: [0mGET /javascripts/script.js [36m304 [0m3.052 ms - -[0m
2023-07-17T12:48:56: [0mGET /genarateList [32m200 [0m75879.165 ms - 16[0m
2023-07-17T12:49:35: [
  {
    Name: 'SINI BITTAR',
    Number: '020013958087',
    Denomination: 1000,
    CNumber: 'ITK 070211',
    Rebate: 1
  },
  {
    Name: 'SINDHU JOSE',
    Number: '020013960211',
    Denomination: 1000,
    CNumber: 'ITK 070209',
    Rebate: 1
  },
  {
    Name: 'LATHA BIJU',
    Number: '020013962246',
    Denomination: 1000,
    CNumber: 'ITK 070210',
    Rebate: 1
  },
  {
    Name: 'VIJAYAMMA',
    Number: '020024799279',
    Denomination: 1000,
    CNumber: 'ITK 070226',
    Rebate: 1
  },
  {
    Name: 'DEEPA KALESH',
    Number: '020079693107',
    Denomination: 2000,
    CNumber: 'IUI082477',
    Rebate: 1
  },
  {
    Name: 'GOURI KRISHNA',
    Number: '3799414133',
    Denomination: 2000,
    CNumber: 'IHW0045521',
    Rebate: 1
  },
  {
    Name: 'SASIDHARAN K',
    Number: '4203551413',
    Denomination: 1000,
    CNumber: 'IHW004571',
    Rebate: 1
  },
  {
    Name: 'DIVYA G NAIR',
    Number: '4203570001',
    Denomination: 5000,
    CNumber: 'IHW004573',
    Rebate: 1
  },
  {
    Name: 'BOBY THOMAS',
    Number: '4362027668',
    Denomination: 3000,
    CNumber: 'IHW004593',
    Rebate: 1
  },
  {
    Name: 'P NOOR ZAMEER',
    Number: '4407809006',
    Denomination: 2000,
    CNumber: 'IHW004596',
    Rebate: 1
  },
  {
    Name: 'VINAI RAJ U',
    Number: '4582974650',
    Denomination: 1000,
    CNumber: 'ITK070157',
    Rebate: 1
  }
]
2023-07-17T12:49:35: [0mGET /final [36m304 [0m312.549 ms - -[0m
2023-07-17T12:49:35: [0mGET /javascripts/script.js [36m304 [0m3.803 ms - -[0m
2023-07-17T12:49:38: [0mGET /finish [36m302 [0m65.667 ms - 46[0m
2023-07-17T12:49:38: undefined
2023-07-17T12:49:38: [0mGET / [36m304 [0m99.572 ms - -[0m
2023-07-17T12:49:38: [0mGET /javascripts/script.js [36m304 [0m2.898 ms - -[0m
2023-07-17T12:49:44: 119
2023-07-17T12:49:44: [
  {
    Number: '4173846991',
    Name: 'JULIE TRESSA SEBASTIAN',
    Denomination: '10000',
    CNumber: 'IHW004567',
    Ref_Number: '119'
  }
] --------------------------------
2023-07-17T12:49:44: [0mGET /?search=119 [32m200 [0m77.041 ms - 7368[0m
2023-07-17T12:49:44: [0mGET /javascripts/script.js [36m304 [0m3.722 ms - -[0m
2023-07-17T12:49:45: ------------------------- [Object: null prototype] {
  Number: '4173846991',
  Name: 'JULIE TRESSA SEBASTIAN',
  Denomination: '10000',
  Rebate: '',
  CNumber: 'IHW004567'
}
2023-07-17T12:49:45: >>>>>>>>>>>>>Details>>> [Object: null prototype] {
  Number: '4173846991',
  Name: 'JULIE TRESSA SEBASTIAN',
  Denomination: '10000',
  Rebate: '',
  CNumber: 'IHW004567'
}
2023-07-17T12:49:45: [0mPOST /addToList/ [32m200 [0m97.232 ms - 15[0m
2023-07-17T12:49:50: 146
2023-07-17T12:49:50: [
  {
    Number: '4407790151',
    Name: 'RAMAKRISHNAN NAIR C N',
    Denomination: '2000',
    CNumber: 'IHW004594',
    Ref_Number: '146'
  }
] --------------------------------
2023-07-17T12:49:50: [0mGET /?search=146 [32m200 [0m86.476 ms - 7364[0m
2023-07-17T12:49:50: [0mGET /javascripts/script.js [36m304 [0m4.169 ms - -[0m
2023-07-17T12:49:52: ------------------------- [Object: null prototype] {
  Number: '4407790151',
  Name: 'RAMAKRISHNAN NAIR C N',
  Denomination: '2000',
  Rebate: '',
  CNumber: 'IHW004594'
}
2023-07-17T12:49:52: >>>>>>>>>>>>>Details>>> [Object: null prototype] {
  Number: '4407790151',
  Name: 'RAMAKRISHNAN NAIR C N',
  Denomination: '2000',
  Rebate: '',
  CNumber: 'IHW004594'
}
2023-07-17T12:49:52: [0mPOST /addToList/ [32m200 [0m73.266 ms - 15[0m
2023-07-17T12:49:58: 176
2023-07-17T12:49:58: [
  {
    Number: '4773795965',
    Name: 'AMMINI N R',
    Denomination: '500',
    CNumber: 'ITK070177',
    Ref_Number: '176'
  }
] --------------------------------
2023-07-17T12:49:58: [0mGET /?search=176 [32m200 [0m117.044 ms - 7340[0m
2023-07-17T12:49:58: [0mGET /javascripts/script.js [36m304 [0m3.720 ms - -[0m
2023-07-17T12:50:00: ------------------------- [Object: null prototype] {
  Number: '4773795965',
  Name: 'AMMINI N R',
  Denomination: '500',
  Rebate: '',
  CNumber: 'ITK070177'
}
2023-07-17T12:50:00: >>>>>>>>>>>>>Details>>> [Object: null prototype] {
  Number: '4773795965',
  Name: 'AMMINI N R',
  Denomination: '500',
  Rebate: '',
  CNumber: 'ITK070177'
}
2023-07-17T12:50:00: [0mPOST /addToList/ [32m200 [0m132.059 ms - 15[0m
2023-07-17T12:50:04: 220
2023-07-17T12:50:04: [
  {
    Ref_Number: '220',
    Name: 'VINAYARAJ M. S.',
    Number: '020024384328',
    CNumber: 'ITK 070225',
    Denomination: '5000'
  }
] --------------------------------
2023-07-17T12:50:04: [0mGET /?search=220 [32m200 [0m126.126 ms - 7357[0m
2023-07-17T12:50:04: [0mGET /javascripts/script.js [36m304 [0m2.963 ms - -[0m
2023-07-17T12:50:06: ------------------------- [Object: null prototype] {
  Number: '020024384328',
  Name: 'VINAYARAJ M. S.',
  Denomination: '5000',
  Rebate: '',
  CNumber: 'ITK 070225'
}
2023-07-17T12:50:06: >>>>>>>>>>>>>Details>>> [Object: null prototype] {
  Number: '020024384328',
  Name: 'VINAYARAJ M. S.',
  Denomination: '5000',
  Rebate: '',
  CNumber: 'ITK 070225'
}
2023-07-17T12:50:06: [0mPOST /addToList/ [32m200 [0m75.172 ms - 15[0m
2023-07-17T12:50:10: 226
2023-07-17T12:50:11: [
  {
    Ref_Number: '226',
    Name: 'SABITHA NARAYANAN',
    Number: '020034934427',
    CNumber: 'ITK070223',
    Denomination: '1000'
  }
] --------------------------------
2023-07-17T12:50:11: [0mGET /?search=226 [32m200 [0m87.034 ms - 7360[0m
2023-07-17T12:50:11: [0mGET /javascripts/script.js [36m304 [0m2.965 ms - -[0m
2023-07-17T12:50:13: ------------------------- [Object: null prototype] {
  Number: '020034934427',
  Name: 'SABITHA NARAYANAN',
  Denomination: '1000',
  Rebate: '',
  CNumber: 'ITK070223'
}
2023-07-17T12:50:13: >>>>>>>>>>>>>Details>>> [Object: null prototype] {
  Number: '020034934427',
  Name: 'SABITHA NARAYANAN',
  Denomination: '1000',
  Rebate: '',
  CNumber: 'ITK070223'
}
2023-07-17T12:50:13: [0mPOST /addToList/ [32m200 [0m73.532 ms - 15[0m
2023-07-17T12:50:17: 241
2023-07-17T12:50:17: [
  {
    Ref_Number: '241',
    Name: 'RAJANI  N  NAIR',
    Number: '020045063309',
    CNumber: 'ITK  070248',
    Denomination: '500'
  }
] --------------------------------
2023-07-17T12:50:17: [0mGET /?search=241 [32m200 [0m80.606 ms - 7356[0m
2023-07-17T12:50:17: [0mGET /javascripts/script.js [36m304 [0m3.083 ms - -[0m
2023-07-17T12:50:18: ------------------------- [Object: null prototype] {
  Number: '020045063309',
  Name: 'RAJANI  N  NAIR',
  Denomination: '500',
  Rebate: '',
  CNumber: 'ITK  070248'
}
2023-07-17T12:50:18: >>>>>>>>>>>>>Details>>> [Object: null prototype] {
  Number: '020045063309',
  Name: 'RAJANI  N  NAIR',
  Denomination: '500',
  Rebate: '',
  CNumber: 'ITK  070248'
}
2023-07-17T12:50:19: [0mPOST /addToList/ [32m200 [0m75.845 ms - 15[0m
2023-07-17T12:50:23: 254
2023-07-17T12:50:23: [
  {
    Ref_Number: '254',
    Name: 'CLARAMMA.K.MATHEW',
    Number: '020057648957',
    CNumber: 'IUI082462',
    Denomination: '1000'
  }
] --------------------------------
2023-07-17T12:50:23: [0mGET /?search=254 [32m200 [0m77.763 ms - 7360[0m
2023-07-17T12:50:24: [0mGET /javascripts/script.js [36m304 [0m3.048 ms - -[0m
2023-07-17T12:50:25: ------------------------- [Object: null prototype] {
  Number: '020057648957',
  Name: 'CLARAMMA.K.MATHEW',
  Denomination: '1000',
  Rebate: '',
  CNumber: 'IUI082462'
}
2023-07-17T12:50:25: >>>>>>>>>>>>>Details>>> [Object: null prototype] {
  Number: '020057648957',
  Name: 'CLARAMMA.K.MATHEW',
  Denomination: '1000',
  Rebate: '',
  CNumber: 'IUI082462'
}
2023-07-17T12:50:25: [0mPOST /addToList/ [32m200 [0m100.516 ms - 15[0m
2023-07-17T12:50:30: [
  {
    Name: 'VINAYARAJ M. S.',
    Number: '020024384328',
    Denomination: 5000,
    CNumber: 'ITK 070225',
    Rebate: 1
  },
  {
    Name: 'SABITHA NARAYANAN',
    Number: '020034934427',
    Denomination: 1000,
    CNumber: 'ITK070223',
    Rebate: 1
  },
  {
    Name: 'RAJANI  N  NAIR',
    Number: '020045063309',
    Denomination: 500,
    CNumber: 'ITK  070248',
    Rebate: 1
  },
  {
    Name: 'CLARAMMA.K.MATHEW',
    Number: '020057648957',
    Denomination: 1000,
    CNumber: 'IUI082462',
    Rebate: 1
  },
  {
    Name: 'JULIE TRESSA SEBASTIAN',
    Number: '4173846991',
    Denomination: 10000,
    CNumber: 'IHW004567',
    Rebate: 1
  },
  {
    Name: 'RAMAKRISHNAN NAIR C N',
    Number: '4407790151',
    Denomination: 2000,
    CNumber: 'IHW004594',
    Rebate: 1
  },
  {
    Name: 'AMMINI N R',
    Number: '4773795965',
    Denomination: 500,
    CNumber: 'ITK070177',
    Rebate: 1
  }
]
2023-07-17T12:50:30: [0mGET /final [32m200 [0m87.282 ms - 19111[0m
2023-07-17T12:50:30: [0mGET /javascripts/script.js [36m304 [0m3.400 ms - -[0m
2023-07-17T12:51:54: [0mGET /genarateList [32m200 [0m65478.442 ms - 16[0m
2023-07-17T12:52:33: [
  {
    Name: 'VINAYARAJ M. S.',
    Number: '020024384328',
    Denomination: 5000,
    CNumber: 'ITK 070225',
    Rebate: 1
  },
  {
    Name: 'SABITHA NARAYANAN',
    Number: '020034934427',
    Denomination: 1000,
    CNumber: 'ITK070223',
    Rebate: 1
  },
  {
    Name: 'RAJANI  N  NAIR',
    Number: '020045063309',
    Denomination: 500,
    CNumber: 'ITK  070248',
    Rebate: 1
  },
  {
    Name: 'CLARAMMA.K.MATHEW',
    Number: '020057648957',
    Denomination: 1000,
    CNumber: 'IUI082462',
    Rebate: 1
  },
  {
    Name: 'JULIE TRESSA SEBASTIAN',
    Number: '4173846991',
    Denomination: 10000,
    CNumber: 'IHW004567',
    Rebate: 1
  },
  {
    Name: 'RAMAKRISHNAN NAIR C N',
    Number: '4407790151',
    Denomination: 2000,
    CNumber: 'IHW004594',
    Rebate: 1
  },
  {
    Name: 'AMMINI N R',
    Number: '4773795965',
    Denomination: 500,
    CNumber: 'ITK070177',
    Rebate: 1
  }
]
2023-07-17T12:52:33: [0mGET /final [36m304 [0m299.220 ms - -[0m
2023-07-17T12:52:33: [0mGET /javascripts/script.js [36m304 [0m3.891 ms - -[0m
2023-07-17T12:52:35: [0mGET /finish [36m302 [0m54.674 ms - 46[0m
2023-07-17T12:52:35: undefined
2023-07-17T12:52:35: [0mGET / [36m304 [0m79.490 ms - -[0m
2023-07-17T12:52:35: [0mGET /javascripts/script.js [36m304 [0m2.532 ms - -[0m
2023-07-17T12:52:39: 164
2023-07-17T12:52:39: [
  {
    Number: '4684934064',
    Name: 'J BEENA',
    Denomination: '1000',
    CNumber: 'ITK070163',
    Ref_Number: '164'
  }
] --------------------------------
2023-07-17T12:52:39: [0mGET /?search=164 [32m200 [0m103.549 ms - 7336[0m
2023-07-17T12:52:39: [0mGET /javascripts/script.js [36m304 [0m4.027 ms - -[0m
2023-07-17T12:52:40: ------------------------- [Object: null prototype] {
  Number: '4684934064',
  Name: 'J BEENA',
  Denomination: '1000',
  Rebate: '',
  CNumber: 'ITK070163'
}
2023-07-17T12:52:40: >>>>>>>>>>>>>Details>>> [Object: null prototype] {
  Number: '4684934064',
  Name: 'J BEENA',
  Denomination: '1000',
  Rebate: '',
  CNumber: 'ITK070163'
}
2023-07-17T12:52:40: [0mPOST /addToList/ [32m200 [0m83.012 ms - 15[0m
2023-07-17T12:52:45: 166
2023-07-17T12:52:45: [
  {
    Number: '4684955700',
    Name: 'ANJU S NAIR',
    Denomination: '2500',
    CNumber: 'ITK070165',
    Ref_Number: '166'
  }
] --------------------------------
2023-07-17T12:52:45: [0mGET /?search=166 [32m200 [0m77.606 ms - 7344[0m
2023-07-17T12:52:45: [0mGET /javascripts/script.js [36m304 [0m2.941 ms - -[0m
2023-07-17T12:52:48: ------------------------- [Object: null prototype] {
  Number: '4684955700',
  Name: 'ANJU S NAIR',
  Denomination: '2500',
  Rebate: '',
  CNumber: 'ITK070165'
}
2023-07-17T12:52:48: >>>>>>>>>>>>>Details>>> [Object: null prototype] {
  Number: '4684955700',
  Name: 'ANJU S NAIR',
  Denomination: '2500',
  Rebate: '',
  CNumber: 'ITK070165'
}
2023-07-17T12:52:48: [0mPOST /addToList/ [32m200 [0m83.315 ms - 15[0m
2023-07-17T12:52:52: 185
2023-07-17T12:52:52: [
  {
    Number: '4931276251',
    Name: 'JOSE GEORGE',
    Denomination: '10000',
    CNumber: 'ITK070187',
    Ref_Number: '185'
  }
] --------------------------------
2023-07-17T12:52:52: [0mGET /?search=185 [32m200 [0m79.541 ms - 7346[0m
2023-07-17T12:52:52: [0mGET /javascripts/script.js [36m304 [0m2.990 ms - -[0m
2023-07-17T12:52:54: ------------------------- [Object: null prototype] {
  Number: '4931276251',
  Name: 'JOSE GEORGE',
  Denomination: '10000',
  Rebate: '',
  CNumber: 'ITK070187'
}
2023-07-17T12:52:54: >>>>>>>>>>>>>Details>>> [Object: null prototype] {
  Number: '4931276251',
  Name: 'JOSE GEORGE',
  Denomination: '10000',
  Rebate: '',
  CNumber: 'ITK070187'
}
2023-07-17T12:52:54: [0mPOST /addToList/ [32m200 [0m78.573 ms - 15[0m
2023-07-17T12:52:59: 242
2023-07-17T12:53:00: [
  {
    Ref_Number: '242',
    Name: 'RAMAKRISHNAN NAIR K R',
    Number: '020046664794',
    CNumber: 'ITK 070249',
    Denomination: '2000'
  }
] --------------------------------
2023-07-17T12:53:00: [0mGET /?search=242 [32m200 [0m81.118 ms - 7369[0m
2023-07-17T12:53:00: [0mGET /javascripts/script.js [36m304 [0m2.981 ms - -[0m
2023-07-17T12:53:01: ------------------------- [Object: null prototype] {
  Number: '020046664794',
  Name: 'RAMAKRISHNAN NAIR K R',
  Denomination: '2000',
  Rebate: '',
  CNumber: 'ITK 070249'
}
2023-07-17T12:53:01: >>>>>>>>>>>>>Details>>> [Object: null prototype] {
  Number: '020046664794',
  Name: 'RAMAKRISHNAN NAIR K R',
  Denomination: '2000',
  Rebate: '',
  CNumber: 'ITK 070249'
}
2023-07-17T12:53:01: [0mPOST /addToList/ [32m200 [0m73.120 ms - 15[0m
2023-07-17T12:53:05: 246
2023-07-17T12:53:05: [
  {
    Ref_Number: '246',
    Name: 'JOS THOMAS',
    Number: '020049812455',
    CNumber: 'IUI082453',
    Denomination: '1500'
  }
] --------------------------------
2023-07-17T12:53:05: [0mGET /?search=246 [32m200 [0m79.721 ms - 7346[0m
2023-07-17T12:53:05: [0mGET /javascripts/script.js [36m304 [0m3.091 ms - -[0m
2023-07-17T12:53:07: ------------------------- [Object: null prototype] {
  Number: '020049812455',
  Name: 'JOS THOMAS',
  Denomination: '1500',
  Rebate: '',
  CNumber: 'IUI082453'
}
2023-07-17T12:53:07: >>>>>>>>>>>>>Details>>> [Object: null prototype] {
  Number: '020049812455',
  Name: 'JOS THOMAS',
  Denomination: '1500',
  Rebate: '',
  CNumber: 'IUI082453'
}
2023-07-17T12:53:07: [0mPOST /addToList/ [32m200 [0m82.251 ms - 15[0m
2023-07-17T12:53:12: 253
2023-07-17T12:53:12: [
  {
    Ref_Number: '253',
    Name: 'DAISY MATHEW',
    Number: '020057651232',
    CNumber: 'IUI082464',
    Denomination: '2000'
  }
] --------------------------------
2023-07-17T12:53:12: [0mGET /?search=253 [32m200 [0m78.641 ms - 7350[0m
2023-07-17T12:53:12: [0mGET /javascripts/script.js [36m304 [0m2.970 ms - -[0m
2023-07-17T12:53:13: ------------------------- [Object: null prototype] {
  Number: '020057651232',
  Name: 'DAISY MATHEW',
  Denomination: '2000',
  Rebate: '',
  CNumber: 'IUI082464'
}
2023-07-17T12:53:13: >>>>>>>>>>>>>Details>>> [Object: null prototype] {
  Number: '020057651232',
  Name: 'DAISY MATHEW',
  Denomination: '2000',
  Rebate: '',
  CNumber: 'IUI082464'
}
2023-07-17T12:53:13: [0mPOST /addToList/ [32m200 [0m75.894 ms - 15[0m
2023-07-17T12:53:17: 263
2023-07-17T12:53:17: [
  {
    Ref_Number: '263',
    Name: 'PADMINI A K',
    Number: '020061763492',
    CNumber: 'IUI082471',
    Denomination: '1000'
  }
] --------------------------------
2023-07-17T12:53:17: [0mGET /?search=263 [32m200 [0m83.385 ms - 7348[0m
2023-07-17T12:53:17: [0mGET /javascripts/script.js [36m304 [0m3.389 ms - -[0m
2023-07-17T12:53:19: ------------------------- [Object: null prototype] {
  Number: '020061763492',
  Name: 'PADMINI A K',
  Denomination: '1000',
  Rebate: '',
  CNumber: 'IUI082471'
}
2023-07-17T12:53:19: >>>>>>>>>>>>>Details>>> [Object: null prototype] {
  Number: '020061763492',
  Name: 'PADMINI A K',
  Denomination: '1000',
  Rebate: '',
  CNumber: 'IUI082471'
}
2023-07-17T12:53:19: [0mPOST /addToList/ [32m200 [0m73.211 ms - 15[0m
2023-07-17T12:53:24: [
  {
    Name: 'RAMAKRISHNAN NAIR K R',
    Number: '020046664794',
    Denomination: 2000,
    CNumber: 'ITK 070249',
    Rebate: 1
  },
  {
    Name: 'JOS THOMAS',
    Number: '020049812455',
    Denomination: 1500,
    CNumber: 'IUI082453',
    Rebate: 1
  },
  {
    Name: 'DAISY MATHEW',
    Number: '020057651232',
    Denomination: 2000,
    CNumber: 'IUI082464',
    Rebate: 1
  },
  {
    Name: 'PADMINI A K',
    Number: '020061763492',
    Denomination: 1000,
    CNumber: 'IUI082471',
    Rebate: 1
  },
  {
    Name: 'J BEENA',
    Number: '4684934064',
    Denomination: 1000,
    CNumber: 'ITK070163',
    Rebate: 1
  },
  {
    Name: 'ANJU S NAIR',
    Number: '4684955700',
    Denomination: 2500,
    CNumber: 'ITK070165',
    Rebate: 1
  },
  {
    Name: 'JOSE GEORGE',
    Number: '4931276251',
    Denomination: 10000,
    CNumber: 'ITK070187',
    Rebate: 1
  }
]
2023-07-17T12:53:24: [0mGET /final [32m200 [0m82.854 ms - 19075[0m
2023-07-17T12:53:24: [0mGET /javascripts/script.js [36m304 [0m4.181 ms - -[0m
2023-07-17T12:54:47: [0mGET /genarateList [32m200 [0m68377.827 ms - 16[0m
2023-07-17T12:55:10: [
  {
    Name: 'RAMAKRISHNAN NAIR K R',
    Number: '020046664794',
    Denomination: 2000,
    CNumber: 'ITK 070249',
    Rebate: 1
  },
  {
    Name: 'JOS THOMAS',
    Number: '020049812455',
    Denomination: 1500,
    CNumber: 'IUI082453',
    Rebate: 1
  },
  {
    Name: 'DAISY MATHEW',
    Number: '020057651232',
    Denomination: 2000,
    CNumber: 'IUI082464',
    Rebate: 1
  },
  {
    Name: 'PADMINI A K',
    Number: '020061763492',
    Denomination: 1000,
    CNumber: 'IUI082471',
    Rebate: 1
  },
  {
    Name: 'J BEENA',
    Number: '4684934064',
    Denomination: 1000,
    CNumber: 'ITK070163',
    Rebate: 1
  },
  {
    Name: 'ANJU S NAIR',
    Number: '4684955700',
    Denomination: 2500,
    CNumber: 'ITK070165',
    Rebate: 1
  },
  {
    Name: 'JOSE GEORGE',
    Number: '4931276251',
    Denomination: 10000,
    CNumber: 'ITK070187',
    Rebate: 1
  }
]
2023-07-17T12:55:10: [0mGET /final [36m304 [0m303.751 ms - -[0m
2023-07-17T12:55:11: [0mGET /javascripts/script.js [36m304 [0m5.256 ms - -[0m
2023-07-17T12:55:15: [0mGET /finish [36m302 [0m42.322 ms - 46[0m
2023-07-17T12:55:15: undefined
2023-07-17T12:55:15: [0mGET / [36m304 [0m82.021 ms - -[0m
2023-07-17T12:55:15: [0mGET /javascripts/script.js [36m304 [0m2.744 ms - -[0m
2023-07-18T11:10:46: Tue, 18 Jul 2023 05:40:46 GMT express-session deprecated undefined resave option; provide resave option at app.js:23:9
2023-07-18T11:10:46: Tue, 18 Jul 2023 05:40:46 GMT express-session deprecated undefined resave option; provide resave option at app.js:23:9
2023-07-18T11:10:46: Tue, 18 Jul 2023 05:40:46 GMT express-session deprecated undefined resave option; provide resave option at app.js:23:9
2023-07-18T11:10:46: Tue, 18 Jul 2023 05:40:46 GMT express-session deprecated undefined saveUninitialized option; provide saveUninitialized option at app.js:23:9
2023-07-18T11:10:46: Tue, 18 Jul 2023 05:40:46 GMT express-session deprecated undefined saveUninitialized option; provide saveUninitialized option at app.js:23:9
2023-07-18T11:10:46: Tue, 18 Jul 2023 05:40:46 GMT express-session deprecated undefined saveUninitialized option; provide saveUninitialized option at app.js:23:9
2023-07-18T11:10:46: Connection ErrorError: querySrv EREFUSED _mongodb._tcp.cluster0.bibqe.mongodb.net
2023-07-18T11:10:46:  Connected to Database
2023-07-18T11:10:46: Connection ErrorError: querySrv EREFUSED _mongodb._tcp.cluster0.bibqe.mongodb.net
2023-07-18T11:10:46:  Connected to Database
2023-07-18T11:10:46: Connection ErrorError: querySrv EREFUSED _mongodb._tcp.cluster0.bibqe.mongodb.net
2023-07-18T11:10:46:  Connected to Database
2023-07-18T14:05:07: Tue, 18 Jul 2023 08:35:07 GMT express-session deprecated undefined resave option; provide resave option at app.js:23:9
2023-07-18T14:05:07: Tue, 18 Jul 2023 08:35:07 GMT express-session deprecated undefined resave option; provide resave option at app.js:23:9
2023-07-18T14:05:07: Tue, 18 Jul 2023 08:35:07 GMT express-session deprecated undefined resave option; provide resave option at app.js:23:9
2023-07-18T14:05:07: Tue, 18 Jul 2023 08:35:07 GMT express-session deprecated undefined saveUninitialized option; provide saveUninitialized option at app.js:23:9
2023-07-18T14:05:07: Tue, 18 Jul 2023 08:35:07 GMT express-session deprecated undefined saveUninitialized option; provide saveUninitialized option at app.js:23:9
2023-07-18T14:05:07: Tue, 18 Jul 2023 08:35:07 GMT express-session deprecated undefined saveUninitialized option; provide saveUninitialized option at app.js:23:9
2023-07-18T14:05:11:  Connected to Database
2023-07-18T14:05:12:  Connected to Database
2023-07-18T14:05:12:  Connected to Database
2023-07-20T11:39:10: Thu, 20 Jul 2023 06:09:10 GMT express-session deprecated undefined resave option; provide resave option at app.js:23:9
2023-07-20T11:39:10: Thu, 20 Jul 2023 06:09:10 GMT express-session deprecated undefined resave option; provide resave option at app.js:23:9
2023-07-20T11:39:10: Thu, 20 Jul 2023 06:09:10 GMT express-session deprecated undefined resave option; provide resave option at app.js:23:9
2023-07-20T11:39:10: Thu, 20 Jul 2023 06:09:10 GMT express-session deprecated undefined saveUninitialized option; provide saveUninitialized option at app.js:23:9
2023-07-20T11:39:10: Thu, 20 Jul 2023 06:09:10 GMT express-session deprecated undefined saveUninitialized option; provide saveUninitialized option at app.js:23:9
2023-07-20T11:39:10: Thu, 20 Jul 2023 06:09:10 GMT express-session deprecated undefined saveUninitialized option; provide saveUninitialized option at app.js:23:9
2023-07-20T11:39:10: [0mGET / [36m302 [0m76.451 ms - 56[0m
2023-07-20T11:39:11: [0mGET /login [32m200 [0m400.947 ms - 5378[0m
2023-07-20T11:39:11: [0mGET /javascripts/script.js [32m200 [0m61.085 ms - 3273[0m
2023-07-20T11:39:11:  Connected to Database
2023-07-20T11:39:11:  Connected to Database
2023-07-20T11:39:11:  Connected to Database
2023-07-20T11:39:12: Handlebars: Access has been denied to resolve the property "status" because it is not an "own property" of its parent.
You can add a runtime option to disable the check or this warning:
See https://handlebarsjs.com/api-reference/runtime-options.html#options-to-control-prototype-access for details
2023-07-20T11:39:12: [0mGET /favicon.ico [33m404 [0m39.023 ms - 5116[0m
2023-07-20T11:39:14: [0mPOST /login [36m302 [0m996.527 ms - 46[0m
2023-07-20T11:39:14: undefined
2023-07-20T11:39:14: [0mGET / [32m200 [0m146.489 ms - 101358[0m
2023-07-20T11:39:14: [0mGET /javascripts/script.js [36m304 [0m4.869 ms - -[0m
2023-07-20T11:39:18: []
2023-07-20T11:39:18: [0mGET /final [32m200 [0m73.169 ms - 9100[0m
2023-07-20T11:39:18: [0mGET /javascripts/script.js [36m304 [0m4.607 ms - -[0m
2023-07-20T11:39:20: [0mGET /finish [36m302 [0m41.341 ms - 46[0m
2023-07-20T11:39:20: undefined
2023-07-20T11:39:21: [0mGET / [36m304 [0m109.793 ms - -[0m
2023-07-20T11:39:21: [0mGET /javascripts/script.js [36m304 [0m3.445 ms - -[0m
2023-07-20T11:39:30: 165
2023-07-20T11:39:30: [
  {
    Number: '4684939441',
    Name: 'PRINCE K JOHN',
    Denomination: '2000',
    CNumber: 'ITK070164',
    Ref_Number: '165'
  }
] --------------------------------
2023-07-20T11:39:30: [0mGET /?search=165 [32m200 [0m98.018 ms - 7348[0m
2023-07-20T11:39:30: [0mGET /javascripts/script.js [36m304 [0m4.773 ms - -[0m
2023-07-20T11:39:31: ------------------------- [Object: null prototype] {
  Number: '4684939441',
  Name: 'PRINCE K JOHN',
  Denomination: '2000',
  Rebate: '',
  CNumber: 'ITK070164'
}
2023-07-20T11:39:31: >>>>>>>>>>>>>Details>>> [Object: null prototype] {
  Number: '4684939441',
  Name: 'PRINCE K JOHN',
  Denomination: '2000',
  Rebate: '',
  CNumber: 'ITK070164'
}
2023-07-20T11:39:31: [0mPOST /addToList/ [32m200 [0m104.256 ms - 15[0m
2023-07-20T11:39:38: 227
2023-07-20T11:39:38: [
  {
    Ref_Number: '227',
    Name: 'PIAMMA JOSE',
    Number: '020035182397',
    CNumber: 'ITK070234',
    Denomination: '3000'
  }
] --------------------------------
2023-07-20T11:39:38: [0mGET /?search=227 [32m200 [0m91.218 ms - 7348[0m
2023-07-20T11:39:38: [0mGET /javascripts/script.js [36m304 [0m3.843 ms - -[0m
2023-07-20T11:39:48: ------------------------- [Object: null prototype] {
  Number: '020035182397',
  Name: 'PIAMMA JOSE',
  Denomination: '3000',
  Rebate: '',
  CNumber: 'ITK070234'
}
2023-07-20T11:39:48: >>>>>>>>>>>>>Details>>> [Object: null prototype] {
  Number: '020035182397',
  Name: 'PIAMMA JOSE',
  Denomination: '3000',
  Rebate: '',
  CNumber: 'ITK070234'
}
2023-07-20T11:39:48: [0mPOST /addToList/ [32m200 [0m87.593 ms - 15[0m
2023-07-20T11:39:53: 231
2023-07-20T11:39:54: [
  {
    Ref_Number: '231',
    Name: 'BINU K S',
    Number: '020038997197',
    CNumber: 'ITK070238',
    Denomination: '5000'
  }
] --------------------------------
2023-07-20T11:39:54: [0mGET /?search=231 [32m200 [0m103.233 ms - 7342[0m
2023-07-20T11:39:54: [0mGET /javascripts/script.js [36m304 [0m3.997 ms - -[0m
2023-07-20T11:39:56: ------------------------- [Object: null prototype] {
  Number: '020038997197',
  Name: 'BINU K S',
  Denomination: '5000',
  Rebate: '',
  CNumber: 'ITK070238'
}
2023-07-20T11:39:56: >>>>>>>>>>>>>Details>>> [Object: null prototype] {
  Number: '020038997197',
  Name: 'BINU K S',
  Denomination: '5000',
  Rebate: '',
  CNumber: 'ITK070238'
}
2023-07-20T11:39:56: [0mPOST /addToList/ [32m200 [0m148.459 ms - 15[0m
2023-07-20T11:40:01: 239
2023-07-20T11:40:01: [
  {
    Ref_Number: '239',
    Name: 'PRINCE K JOHN',
    Number: '020044571259',
    CNumber: 'ITK 070246',
    Denomination: '8000'
  }
] --------------------------------
2023-07-20T11:40:01: [0mGET /?search=239 [32m200 [0m97.547 ms - 7353[0m
2023-07-20T11:40:01: [0mGET /javascripts/script.js [36m304 [0m3.246 ms - -[0m
2023-07-20T11:40:02: ------------------------- [Object: null prototype] {
  Number: '020044571259',
  Name: 'PRINCE K JOHN',
  Denomination: '8000',
  Rebate: '',
  CNumber: 'ITK 070246'
}
2023-07-20T11:40:02: >>>>>>>>>>>>>Details>>> [Object: null prototype] {
  Number: '020044571259',
  Name: 'PRINCE K JOHN',
  Denomination: '8000',
  Rebate: '',
  CNumber: 'ITK 070246'
}
2023-07-20T11:40:02: [0mPOST /addToList/ [32m200 [0m93.728 ms - 15[0m
2023-07-20T11:40:07: 267
2023-07-20T11:40:07: [
  {
    Ref_Number: '267',
    Name: 'DIVYA BISUKUMAR',
    Number: '020071042819',
    CNumber: 'IUI082475',
    Denomination: '2000'
  }
] --------------------------------
2023-07-20T11:40:07: [0mGET /?search=267 [32m200 [0m93.957 ms - 7356[0m
2023-07-20T11:40:07: [0mGET /javascripts/script.js [36m304 [0m3.490 ms - -[0m
2023-07-20T11:40:09: ------------------------- [Object: null prototype] {
  Number: '020071042819',
  Name: 'DIVYA BISUKUMAR',
  Denomination: '2000',
  Rebate: '',
  CNumber: 'IUI082475'
}
2023-07-20T11:40:09: >>>>>>>>>>>>>Details>>> [Object: null prototype] {
  Number: '020071042819',
  Name: 'DIVYA BISUKUMAR',
  Denomination: '2000',
  Rebate: '',
  CNumber: 'IUI082475'
}
2023-07-20T11:40:09: [0mPOST /addToList/ [32m200 [0m87.329 ms - 15[0m
2023-07-20T11:40:14: [
  {
    Name: 'PIAMMA JOSE',
    Number: '020035182397',
    Denomination: 3000,
    CNumber: 'ITK070234',
    Rebate: 1
  },
  {
    Name: 'BINU K S',
    Number: '020038997197',
    Denomination: 5000,
    CNumber: 'ITK070238',
    Rebate: 1
  },
  {
    Name: 'PRINCE K JOHN',
    Number: '020044571259',
    Denomination: 8000,
    CNumber: 'ITK 070246',
    Rebate: 1
  },
  {
    Name: 'DIVYA BISUKUMAR',
    Number: '020071042819',
    Denomination: 2000,
    CNumber: 'IUI082475',
    Rebate: 1
  },
  {
    Name: 'PRINCE K JOHN',
    Number: '4684939441',
    Denomination: 2000,
    CNumber: 'ITK070164',
    Rebate: 1
  }
]
2023-07-20T11:40:14: [0mGET /final [32m200 [0m89.183 ms - 16245[0m
2023-07-20T11:40:14: [0mGET /javascripts/script.js [36m304 [0m3.839 ms - -[0m
2023-07-20T11:42:21: undefined
2023-07-20T11:42:21: [0mGET / [36m304 [0m147.102 ms - -[0m
2023-07-20T11:42:21: [0mGET /javascripts/script.js [36m304 [0m3.185 ms - -[0m
2023-07-20T11:42:22: [0mGET /genarateList [0m- [0m- ms - -[0m
2023-07-20T11:42:26: [
  {
    Name: 'PIAMMA JOSE',
    Number: '020035182397',
    Denomination: 3000,
    CNumber: 'ITK070234',
    Rebate: 1
  },
  {
    Name: 'BINU K S',
    Number: '020038997197',
    Denomination: 5000,
    CNumber: 'ITK070238',
    Rebate: 1
  },
  {
    Name: 'PRINCE K JOHN',
    Number: '020044571259',
    Denomination: 8000,
    CNumber: 'ITK 070246',
    Rebate: 1
  },
  {
    Name: 'DIVYA BISUKUMAR',
    Number: '020071042819',
    Denomination: 2000,
    CNumber: 'IUI082475',
    Rebate: 1
  },
  {
    Name: 'PRINCE K JOHN',
    Number: '4684939441',
    Denomination: 2000,
    CNumber: 'ITK070164',
    Rebate: 1
  }
]
2023-07-20T11:42:26: [0mGET /final [36m304 [0m104.539 ms - -[0m
2023-07-20T11:42:26: [0mGET /javascripts/script.js [36m304 [0m4.658 ms - -[0m
2023-07-20T11:45:16: undefined
2023-07-20T11:45:16: [0mGET / [36m304 [0m97.833 ms - -[0m
2023-07-20T11:45:16: [0mGET /javascripts/script.js [36m304 [0m3.906 ms - -[0m
2023-07-20T11:45:17: [0mGET /genarateList [0m- [0m- ms - -[0m
2023-07-20T11:45:45: [
  {
    Name: 'PIAMMA JOSE',
    Number: '020035182397',
    Denomination: 3000,
    CNumber: 'ITK070234',
    Rebate: 1
  },
  {
    Name: 'BINU K S',
    Number: '020038997197',
    Denomination: 5000,
    CNumber: 'ITK070238',
    Rebate: 1
  },
  {
    Name: 'PRINCE K JOHN',
    Number: '020044571259',
    Denomination: 8000,
    CNumber: 'ITK 070246',
    Rebate: 1
  },
  {
    Name: 'DIVYA BISUKUMAR',
    Number: '020071042819',
    Denomination: 2000,
    CNumber: 'IUI082475',
    Rebate: 1
  },
  {
    Name: 'PRINCE K JOHN',
    Number: '4684939441',
    Denomination: 2000,
    CNumber: 'ITK070164',
    Rebate: 1
  }
]
2023-07-20T11:45:45: [0mGET /final [36m304 [0m101.731 ms - -[0m
2023-07-20T11:45:45: [0mGET /javascripts/script.js [36m304 [0m4.503 ms - -[0m
2023-07-20T11:47:54: [0mGET /genarateList [0m- [0m- ms - -[0m
2023-07-20T11:48:06: [0mGET / [36m302 [0m2.429 ms - 56[0m
2023-07-20T11:48:06: [0mGET /login [32m200 [0m10.651 ms - 5378[0m
2023-07-20T11:48:06: [0mGET /javascripts/script.js [36m304 [0m2.624 ms - -[0m
2023-07-20T11:48:07: [0mGET /favicon.ico [33m404 [0m12.527 ms - 5116[0m
2023-07-20T11:48:08: [0mPOST /login [36m302 [0m174.120 ms - 46[0m
2023-07-20T11:48:08: undefined
2023-07-20T11:48:08: [0mGET / [32m200 [0m90.243 ms - 101358[0m
2023-07-20T11:48:08: [0mGET /javascripts/script.js [36m304 [0m4.552 ms - -[0m
2023-07-20T11:48:15: [
  {
    Name: 'PIAMMA JOSE',
    Number: '020035182397',
    Denomination: 3000,
    CNumber: 'ITK070234',
    Rebate: 1
  },
  {
    Name: 'BINU K S',
    Number: '020038997197',
    Denomination: 5000,
    CNumber: 'ITK070238',
    Rebate: 1
  },
  {
    Name: 'PRINCE K JOHN',
    Number: '020044571259',
    Denomination: 8000,
    CNumber: 'ITK 070246',
    Rebate: 1
  },
  {
    Name: 'DIVYA BISUKUMAR',
    Number: '020071042819',
    Denomination: 2000,
    CNumber: 'IUI082475',
    Rebate: 1
  },
  {
    Name: 'PRINCE K JOHN',
    Number: '4684939441',
    Denomination: 2000,
    CNumber: 'ITK070164',
    Rebate: 1
  }
]
2023-07-20T11:48:15: [0mGET /final [36m304 [0m125.881 ms - -[0m
2023-07-20T11:48:15: [0mGET /javascripts/script.js [36m304 [0m4.262 ms - -[0m
2023-07-20T11:48:58: undefined
2023-07-20T11:48:58: [0mGET / [36m304 [0m93.479 ms - -[0m
2023-07-20T11:48:58: [0mGET /javascripts/script.js [36m304 [0m3.822 ms - -[0m
2023-07-20T11:48:58: [0mGET /genarateList [0m- [0m- ms - -[0m
2023-07-21T09:00:25: Fri, 21 Jul 2023 03:30:25 GMT express-session deprecated undefined resave option; provide resave option at app.js:23:9
2023-07-21T09:00:25: Fri, 21 Jul 2023 03:30:25 GMT express-session deprecated undefined resave option; provide resave option at app.js:23:9
2023-07-21T09:00:25: Fri, 21 Jul 2023 03:30:25 GMT express-session deprecated undefined resave option; provide resave option at app.js:23:9
2023-07-21T09:00:25: Fri, 21 Jul 2023 03:30:25 GMT express-session deprecated undefined saveUninitialized option; provide saveUninitialized option at app.js:23:9
2023-07-21T09:00:25: Fri, 21 Jul 2023 03:30:25 GMT express-session deprecated undefined saveUninitialized option; provide saveUninitialized option at app.js:23:9
2023-07-21T09:00:25: Fri, 21 Jul 2023 03:30:25 GMT express-session deprecated undefined saveUninitialized option; provide saveUninitialized option at app.js:23:9
2023-07-21T09:00:27:  Connected to Database
2023-07-21T09:00:27:  Connected to Database
2023-07-21T09:00:27:  Connected to Database
2023-07-22T11:18:21: Sat, 22 Jul 2023 05:48:21 GMT express-session deprecated undefined resave option; provide resave option at app.js:23:9
2023-07-22T11:18:21: Sat, 22 Jul 2023 05:48:21 GMT express-session deprecated undefined resave option; provide resave option at app.js:23:9
2023-07-22T11:18:21: Sat, 22 Jul 2023 05:48:21 GMT express-session deprecated undefined resave option; provide resave option at app.js:23:9
2023-07-22T11:18:21: Sat, 22 Jul 2023 05:48:21 GMT express-session deprecated undefined saveUninitialized option; provide saveUninitialized option at app.js:23:9
2023-07-22T11:18:21: Sat, 22 Jul 2023 05:48:21 GMT express-session deprecated undefined saveUninitialized option; provide saveUninitialized option at app.js:23:9
2023-07-22T11:18:21: Sat, 22 Jul 2023 05:48:21 GMT express-session deprecated undefined saveUninitialized option; provide saveUninitialized option at app.js:23:9
2023-07-22T11:18:23:  Connected to Database
2023-07-22T11:18:23:  Connected to Database
2023-07-22T11:18:24: [0mGET / [36m302 [0m61.061 ms - 56[0m
2023-07-22T11:18:24: [0mGET /login [32m200 [0m451.560 ms - 5378[0m
2023-07-22T11:18:25: [0mGET /javascripts/script.js [32m200 [0m77.236 ms - 3273[0m
2023-07-22T11:18:25:  Connected to Database
2023-07-22T11:18:34: [0mGET / [36m302 [0m2.461 ms - 56[0m
2023-07-22T11:18:34: [0mGET /login [36m304 [0m16.899 ms - -[0m
2023-07-22T11:18:34: [0mGET /javascripts/script.js [36m304 [0m2.459 ms - -[0m
2023-07-22T11:18:35: Handlebars: Access has been denied to resolve the property "status" because it is not an "own property" of its parent.
You can add a runtime option to disable the check or this warning:
See https://handlebarsjs.com/api-reference/runtime-options.html#options-to-control-prototype-access for details
2023-07-22T11:18:35: [0mGET /favicon.ico [33m404 [0m40.364 ms - 5116[0m
2023-07-22T11:18:37: [0mPOST /login [36m302 [0m610.458 ms - 46[0m
2023-07-22T11:18:38: undefined
2023-07-22T11:18:38: [0mGET / [32m200 [0m144.032 ms - 101358[0m
2023-07-22T11:18:38: [0mGET /javascripts/script.js [36m304 [0m3.346 ms - -[0m
2023-07-22T11:18:43: [
  {
    Name: 'PIAMMA JOSE',
    Number: '020035182397',
    Denomination: 3000,
    CNumber: 'ITK070234',
    Rebate: 1
  },
  {
    Name: 'BINU K S',
    Number: '020038997197',
    Denomination: 5000,
    CNumber: 'ITK070238',
    Rebate: 1
  },
  {
    Name: 'PRINCE K JOHN',
    Number: '020044571259',
    Denomination: 8000,
    CNumber: 'ITK 070246',
    Rebate: 1
  },
  {
    Name: 'DIVYA BISUKUMAR',
    Number: '020071042819',
    Denomination: 2000,
    CNumber: 'IUI082475',
    Rebate: 1
  },
  {
    Name: 'PRINCE K JOHN',
    Number: '4684939441',
    Denomination: 2000,
    CNumber: 'ITK070164',
    Rebate: 1
  }
]
2023-07-22T11:18:43: [0mGET /final [32m200 [0m146.688 ms - 16245[0m
2023-07-22T11:18:43: [0mGET /javascripts/script.js [36m304 [0m6.648 ms - -[0m
2023-07-22T11:21:27: undefined
2023-07-22T11:21:27: [0mGET / [36m304 [0m508.064 ms - -[0m
2023-07-22T11:21:27: [0mGET /javascripts/script.js [36m304 [0m5.429 ms - -[0m
2023-07-22T11:21:30: [
  {
    Name: 'PIAMMA JOSE',
    Number: '020035182397',
    Denomination: 3000,
    CNumber: 'ITK070234',
    Rebate: 1
  },
  {
    Name: 'BINU K S',
    Number: '020038997197',
    Denomination: 5000,
    CNumber: 'ITK070238',
    Rebate: 1
  },
  {
    Name: 'PRINCE K JOHN',
    Number: '020044571259',
    Denomination: 8000,
    CNumber: 'ITK 070246',
    Rebate: 1
  },
  {
    Name: 'DIVYA BISUKUMAR',
    Number: '020071042819',
    Denomination: 2000,
    CNumber: 'IUI082475',
    Rebate: 1
  },
  {
    Name: 'PRINCE K JOHN',
    Number: '4684939441',
    Denomination: 2000,
    CNumber: 'ITK070164',
    Rebate: 1
  }
]
2023-07-22T11:21:30: [0mGET /final [36m304 [0m102.663 ms - -[0m
2023-07-22T11:21:30: [0mGET /javascripts/script.js [36m304 [0m3.712 ms - -[0m
2023-07-22T11:21:49: undefined
2023-07-22T11:21:49: [0mGET / [36m304 [0m92.748 ms - -[0m
2023-07-22T11:21:49: [0mGET /javascripts/script.js [36m304 [0m3.947 ms - -[0m
2023-07-22T11:22:12: [0mGET /genarateList [0m- [0m- ms - -[0m
2023-07-22T11:22:49: [0mGET /genarateList [0m- [0m- ms - -[0m
2023-07-22T11:33:29: [
  {
    Name: 'PIAMMA JOSE',
    Number: '020035182397',
    Denomination: 3000,
    CNumber: 'ITK070234',
    Rebate: 1
  },
  {
    Name: 'BINU K S',
    Number: '020038997197',
    Denomination: 5000,
    CNumber: 'ITK070238',
    Rebate: 1
  },
  {
    Name: 'PRINCE K JOHN',
    Number: '020044571259',
    Denomination: 8000,
    CNumber: 'ITK 070246',
    Rebate: 1
  },
  {
    Name: 'DIVYA BISUKUMAR',
    Number: '020071042819',
    Denomination: 2000,
    CNumber: 'IUI082475',
    Rebate: 1
  },
  {
    Name: 'PRINCE K JOHN',
    Number: '4684939441',
    Denomination: 2000,
    CNumber: 'ITK070164',
    Rebate: 1
  }
]
2023-07-22T11:33:30: [0mGET /final [36m304 [0m557.850 ms - -[0m
2023-07-22T11:33:30: [0mGET /javascripts/script.js [36m304 [0m4.984 ms - -[0m
2023-07-22T11:38:08: [
  {
    Name: 'PIAMMA JOSE',
    Number: '020035182397',
    Denomination: 3000,
    CNumber: 'ITK070234',
    Rebate: 1
  },
  {
    Name: 'BINU K S',
    Number: '020038997197',
    Denomination: 5000,
    CNumber: 'ITK070238',
    Rebate: 1
  },
  {
    Name: 'PRINCE K JOHN',
    Number: '020044571259',
    Denomination: 8000,
    CNumber: 'ITK 070246',
    Rebate: 1
  },
  {
    Name: 'DIVYA BISUKUMAR',
    Number: '020071042819',
    Denomination: 2000,
    CNumber: 'IUI082475',
    Rebate: 1
  },
  {
    Name: 'PRINCE K JOHN',
    Number: '4684939441',
    Denomination: 2000,
    CNumber: 'ITK070164',
    Rebate: 1
  }
]
2023-07-22T11:38:08: [0mGET /final [36m304 [0m92.036 ms - -[0m
2023-07-22T11:38:08: [0mGET /genarateList [0m- [0m- ms - -[0m
2023-07-22T11:38:08: [0mGET /javascripts/script.js [36m304 [0m4.253 ms - -[0m
2023-07-22T11:38:16: undefined
2023-07-22T11:38:16: [0mGET / [36m304 [0m104.978 ms - -[0m
2023-07-22T11:38:17: [0mGET /javascripts/script.js [36m304 [0m5.598 ms - -[0m
2023-07-22T11:38:17: [0mGET /javascripts/script.js [32m200 [0m15.489 ms - 3273[0m
2023-07-22T11:38:59: [0mGET /genarateList [0m- [0m- ms - -[0m
2023-07-22T11:39:09: [
  {
    Name: 'PIAMMA JOSE',
    Number: '020035182397',
    Denomination: 3000,
    CNumber: 'ITK070234',
    Rebate: 1
  },
  {
    Name: 'BINU K S',
    Number: '020038997197',
    Denomination: 5000,
    CNumber: 'ITK070238',
    Rebate: 1
  },
  {
    Name: 'PRINCE K JOHN',
    Number: '020044571259',
    Denomination: 8000,
    CNumber: 'ITK 070246',
    Rebate: 1
  },
  {
    Name: 'DIVYA BISUKUMAR',
    Number: '020071042819',
    Denomination: 2000,
    CNumber: 'IUI082475',
    Rebate: 1
  },
  {
    Name: 'PRINCE K JOHN',
    Number: '4684939441',
    Denomination: 2000,
    CNumber: 'ITK070164',
    Rebate: 1
  }
]
2023-07-22T11:39:09: [0mGET /final [36m304 [0m85.774 ms - -[0m
2023-07-22T11:39:09: [0mGET /javascripts/script.js [36m304 [0m3.378 ms - -[0m
2023-07-22T11:39:25: undefined
2023-07-22T11:39:36: [0mGET / [36m304 [0m10632.016 ms - -[0m
2023-07-22T11:39:36: [0mGET /javascripts/script.js [36m304 [0m2.593 ms - -[0m
2023-07-22T11:40:14: [0mGET /genarateList [0m- [0m- ms - -[0m
2023-07-22T11:43:47: [
  {
    Name: 'PIAMMA JOSE',
    Number: '020035182397',
    Denomination: 3000,
    CNumber: 'ITK070234',
    Rebate: 1
  },
  {
    Name: 'BINU K S',
    Number: '020038997197',
    Denomination: 5000,
    CNumber: 'ITK070238',
    Rebate: 1
  },
  {
    Name: 'PRINCE K JOHN',
    Number: '020044571259',
    Denomination: 8000,
    CNumber: 'ITK 070246',
    Rebate: 1
  },
  {
    Name: 'DIVYA BISUKUMAR',
    Number: '020071042819',
    Denomination: 2000,
    CNumber: 'IUI082475',
    Rebate: 1
  },
  {
    Name: 'PRINCE K JOHN',
    Number: '4684939441',
    Denomination: 2000,
    CNumber: 'ITK070164',
    Rebate: 1
  }
]
2023-07-22T11:43:48: [0mGET /final [36m304 [0m218.265 ms - -[0m
2023-07-22T11:43:48: [0mGET /javascripts/script.js [36m304 [0m3.523 ms - -[0m
2023-07-22T11:44:31: undefined
2023-07-22T11:44:42: [0mGET / [36m304 [0m10720.860 ms - -[0m
2023-07-22T11:44:42: [0mGET /javascripts/script.js [36m304 [0m4.730 ms - -[0m
2023-07-22T11:44:50: [
  {
    Name: 'PIAMMA JOSE',
    Number: '020035182397',
    Denomination: 3000,
    CNumber: 'ITK070234',
    Rebate: 1
  },
  {
    Name: 'BINU K S',
    Number: '020038997197',
    Denomination: 5000,
    CNumber: 'ITK070238',
    Rebate: 1
  },
  {
    Name: 'PRINCE K JOHN',
    Number: '020044571259',
    Denomination: 8000,
    CNumber: 'ITK 070246',
    Rebate: 1
  },
  {
    Name: 'DIVYA BISUKUMAR',
    Number: '020071042819',
    Denomination: 2000,
    CNumber: 'IUI082475',
    Rebate: 1
  },
  {
    Name: 'PRINCE K JOHN',
    Number: '4684939441',
    Denomination: 2000,
    CNumber: 'ITK070164',
    Rebate: 1
  }
]
2023-07-22T11:44:50: [0mGET /final [36m304 [0m91.713 ms - -[0m
2023-07-22T11:44:50: [0mGET /javascripts/script.js [36m304 [0m3.354 ms - -[0m
2023-07-22T11:48:42: [0mGET /genarateList [0m- [0m- ms - -[0m
2023-07-22T11:48:52: [0mGET /finish [36m302 [0m5514.318 ms - 46[0m
2023-07-22T11:48:52: undefined
2023-07-22T11:48:53: [0mGET / [36m304 [0m111.605 ms - -[0m
2023-07-22T11:48:53: [0mGET /javascripts/script.js [36m304 [0m4.325 ms - -[0m
2023-07-22T11:49:25: 132
2023-07-22T11:49:25: [
  {
    Number: '4276830354',
    Name: 'ASHA ASHOKAN',
    Denomination: '2000',
    CNumber: 'IHW004580',
    Ref_Number: '132'
  }
] --------------------------------
2023-07-22T11:49:25: [0mGET /?search=132 [32m200 [0m112.074 ms - 7346[0m
2023-07-22T11:49:25: [0mGET /javascripts/script.js [36m304 [0m3.332 ms - -[0m
2023-07-22T11:49:34: ------------------------- [Object: null prototype] {
  Number: '4276830354',
  Name: 'ASHA ASHOKAN',
  Denomination: '2000',
  Rebate: '',
  CNumber: 'IHW004580'
}
2023-07-22T11:49:34: >>>>>>>>>>>>>Details>>> [Object: null prototype] {
  Number: '4276830354',
  Name: 'ASHA ASHOKAN',
  Denomination: '2000',
  Rebate: '',
  CNumber: 'IHW004580'
}
2023-07-22T11:49:34: [0mPOST /addToList/ [32m200 [0m111.993 ms - 15[0m
2023-07-22T11:49:43: 144
2023-07-22T11:49:43: [
  {
    Number: '4350310017',
    Name: 'AMBILY U',
    Denomination: '350',
    CNumber: 'IHW004592',
    Ref_Number: '144'
  }
] --------------------------------
2023-07-22T11:49:43: [0mGET /?search=144 [32m200 [0m83.186 ms - 7336[0m
2023-07-22T11:49:43: [0mGET /javascripts/script.js [36m304 [0m3.887 ms - -[0m
2023-07-22T11:49:45: ------------------------- [Object: null prototype] {
  Number: '4350310017',
  Name: 'AMBILY U',
  Denomination: '350',
  Rebate: '',
  CNumber: 'IHW004592'
}
2023-07-22T11:49:45: >>>>>>>>>>>>>Details>>> [Object: null prototype] {
  Number: '4350310017',
  Name: 'AMBILY U',
  Denomination: '350',
  Rebate: '',
  CNumber: 'IHW004592'
}
2023-07-22T11:49:45: [0mPOST /addToList/ [32m200 [0m88.123 ms - 15[0m
2023-07-22T11:49:51: 150
2023-07-22T11:49:51: [
  {
    Number: '4433803184',
    Name: 'SHEFTY SANU',
    Denomination: '700',
    CNumber: 'IHW004598',
    Ref_Number: '150'
  }
] --------------------------------
2023-07-22T11:49:51: [0mGET /?search=150 [32m200 [0m81.110 ms - 7342[0m
2023-07-22T11:49:51: [0mGET /javascripts/script.js [36m304 [0m2.916 ms - -[0m
2023-07-22T11:49:53: [0mGET /genarateList [0m- [0m- ms - -[0m
2023-07-22T11:49:53: ------------------------- [Object: null prototype] {
  Number: '4433803184',
  Name: 'SHEFTY SANU',
  Denomination: '700',
  Rebate: '',
  CNumber: 'IHW004598'
}
2023-07-22T11:49:53: >>>>>>>>>>>>>Details>>> [Object: null prototype] {
  Number: '4433803184',
  Name: 'SHEFTY SANU',
  Denomination: '700',
  Rebate: '',
  CNumber: 'IHW004598'
}
2023-07-22T11:49:53: [0mPOST /addToList/ [32m200 [0m80.577 ms - 15[0m
2023-07-22T11:50:00: 195
2023-07-22T11:50:00: [
  {
    Number: '020001994152',
    Name: 'REMYA C V',
    Denomination: '1500',
    CNumber: 'ITK070197',
    Ref_Number: '195'
  }
] --------------------------------
2023-07-22T11:50:00: [0mGET /?search=195 [32m200 [0m95.975 ms - 7344[0m
2023-07-22T11:50:00: [0mGET /javascripts/script.js [36m304 [0m3.027 ms - -[0m
2023-07-22T11:50:02: ------------------------- [Object: null prototype] {
  Number: '020001994152',
  Name: 'REMYA C V',
  Denomination: '1500',
  Rebate: '',
  CNumber: 'ITK070197'
}
2023-07-22T11:50:02: >>>>>>>>>>>>>Details>>> [Object: null prototype] {
  Number: '020001994152',
  Name: 'REMYA C V',
  Denomination: '1500',
  Rebate: '',
  CNumber: 'ITK070197'
}
2023-07-22T11:50:02: [0mPOST /addToList/ [32m200 [0m75.023 ms - 15[0m
2023-07-22T11:50:07: 215
2023-07-22T11:50:07: [
  {
    Ref_Number: '215',
    Name: 'RADHAKRISHNAN P G',
    Number: '020019964485',
    CNumber: 'ITK070220',
    Denomination: '2000'
  }
] --------------------------------
2023-07-22T11:50:07: [0mGET /?search=215 [32m200 [0m86.926 ms - 7360[0m
2023-07-22T11:50:07: [0mGET /javascripts/script.js [36m304 [0m3.155 ms - -[0m
2023-07-22T11:50:08: ------------------------- [Object: null prototype] {
  Number: '020019964485',
  Name: 'RADHAKRISHNAN P G',
  Denomination: '2000',
  Rebate: '',
  CNumber: 'ITK070220'
}
2023-07-22T11:50:08: >>>>>>>>>>>>>Details>>> [Object: null prototype] {
  Number: '020019964485',
  Name: 'RADHAKRISHNAN P G',
  Denomination: '2000',
  Rebate: '',
  CNumber: 'ITK070220'
}
2023-07-22T11:50:08: [0mPOST /addToList/ [32m200 [0m79.780 ms - 15[0m
2023-07-22T11:50:18: A
2023-07-22T11:50:18: [
  {
    Number: '8204062534',
    Name: 'SREELATHA RADHAKRISHNAN',
    Denomination: '1500',
    CNumber: 'ITK070199',
    Ref_Number: 'A'
  }
] --------------------------------
2023-07-22T11:50:18: [0mGET /?search=A [32m200 [0m90.919 ms - 7368[0m
2023-07-22T11:50:18: [0mGET /javascripts/script.js [36m304 [0m3.087 ms - -[0m
2023-07-22T11:50:20: ------------------------- [Object: null prototype] {
  Number: '8204062534',
  Name: 'SREELATHA RADHAKRISHNAN',
  Denomination: '1500',
  Rebate: '',
  CNumber: 'ITK070199'
}
2023-07-22T11:50:20: >>>>>>>>>>>>>Details>>> [Object: null prototype] {
  Number: '8204062534',
  Name: 'SREELATHA RADHAKRISHNAN',
  Denomination: '1500',
  Rebate: '',
  CNumber: 'ITK070199'
}
2023-07-22T11:50:20: [0mPOST /addToList/ [32m200 [0m76.860 ms - 15[0m
2023-07-22T11:50:27: B
2023-07-22T11:50:27: [
  {
    Number: '8204062600',
    Name: 'SREELATHA RADHAKRISHNAN',
    Denomination: '1500',
    CNumber: 'ITK070200',
    Ref_Number: 'B'
  }
] --------------------------------
2023-07-22T11:50:28: [0mGET /?search=B [32m200 [0m80.720 ms - 7368[0m
2023-07-22T11:50:28: [0mGET /javascripts/script.js [36m304 [0m3.195 ms - -[0m
2023-07-22T11:50:29: ------------------------- [Object: null prototype] {
  Number: '8204062600',
  Name: 'SREELATHA RADHAKRISHNAN',
  Denomination: '1500',
  Rebate: '',
  CNumber: 'ITK070200'
}
2023-07-22T11:50:29: >>>>>>>>>>>>>Details>>> [Object: null prototype] {
  Number: '8204062600',
  Name: 'SREELATHA RADHAKRISHNAN',
  Denomination: '1500',
  Rebate: '',
  CNumber: 'ITK070200'
}
2023-07-22T11:50:30: [0mPOST /addToList/ [32m200 [0m77.930 ms - 15[0m
2023-07-22T11:50:36: C
2023-07-22T11:50:36: [
  {
    Number: '8204062758',
    Name: 'BEENA ANIL',
    Denomination: '1000',
    CNumber: 'ITK070171',
    Ref_Number: 'C'
  }
] --------------------------------
2023-07-22T11:50:36: [0mGET /?search=C [32m200 [0m80.528 ms - 7342[0m
2023-07-22T11:50:36: [0mGET /javascripts/script.js [36m304 [0m3.045 ms - -[0m
2023-07-22T11:50:37: ------------------------- [Object: null prototype] {
  Number: '8204062758',
  Name: 'BEENA ANIL',
  Denomination: '1000',
  Rebate: '',
  CNumber: 'ITK070171'
}
2023-07-22T11:50:37: >>>>>>>>>>>>>Details>>> [Object: null prototype] {
  Number: '8204062758',
  Name: 'BEENA ANIL',
  Denomination: '1000',
  Rebate: '',
  CNumber: 'ITK070171'
}
2023-07-22T11:50:37: [0mPOST /addToList/ [32m200 [0m75.915 ms - 15[0m
2023-07-22T11:50:43: F
2023-07-22T11:50:43: [
  {
    Number: '8204063029',
    Name: 'SREELATHA RADHAKRISHNAN',
    Denomination: '1000',
    CNumber: 'ITK070201',
    Ref_Number: 'F'
  }
] --------------------------------
2023-07-22T11:50:43: [0mGET /?search=F [32m200 [0m83.649 ms - 7368[0m
2023-07-22T11:50:43: [0mGET /javascripts/script.js [36m304 [0m5.138 ms - -[0m
2023-07-22T11:50:45: ------------------------- [Object: null prototype] {
  Number: '8204063029',
  Name: 'SREELATHA RADHAKRISHNAN',
  Denomination: '1000',
  Rebate: '',
  CNumber: 'ITK070201'
}
2023-07-22T11:50:45: >>>>>>>>>>>>>Details>>> [Object: null prototype] {
  Number: '8204063029',
  Name: 'SREELATHA RADHAKRISHNAN',
  Denomination: '1000',
  Rebate: '',
  CNumber: 'ITK070201'
}
2023-07-22T11:50:45: [0mPOST /addToList/ [32m200 [0m85.938 ms - 15[0m
2023-07-22T11:50:50: [
  {
    Name: 'REMYA C V',
    Number: '020001994152',
    Denomination: 1500,
    CNumber: 'ITK070197',
    Rebate: 1
  },
  {
    Name: 'RADHAKRISHNAN P G',
    Number: '020019964485',
    Denomination: 2000,
    CNumber: 'ITK070220',
    Rebate: 1
  },
  {
    Name: 'ASHA ASHOKAN',
    Number: '4276830354',
    Denomination: 2000,
    CNumber: 'IHW004580',
    Rebate: 1
  },
  {
    Name: 'AMBILY U',
    Number: '4350310017',
    Denomination: 350,
    CNumber: 'IHW004592',
    Rebate: 1
  },
  {
    Name: 'SHEFTY SANU',
    Number: '4433803184',
    Denomination: 700,
    CNumber: 'IHW004598',
    Rebate: 1
  },
  {
    Name: 'SREELATHA RADHAKRISHNAN',
    Number: '8204062534',
    Denomination: 1500,
    CNumber: 'ITK070199',
    Rebate: 1
  },
  {
    Name: 'SREELATHA RADHAKRISHNAN',
    Number: '8204062600',
    Denomination: 1500,
    CNumber: 'ITK070200',
    Rebate: 1
  },
  {
    Name: 'BEENA ANIL',
    Number: '8204062758',
    Denomination: 1000,
    CNumber: 'ITK070171',
    Rebate: 1
  },
  {
    Name: 'SREELATHA RADHAKRISHNAN',
    Number: '8204063029',
    Denomination: 1000,
    CNumber: 'ITK070201',
    Rebate: 1
  }
]
2023-07-22T11:50:50: [0mGET /final [32m200 [0m83.190 ms - 21897[0m
2023-07-22T11:50:50: [0mGET /javascripts/script.js [36m304 [0m3.760 ms - -[0m
2023-07-22T11:57:00: [0mGET /finish [0m- [0m- ms - -[0m
2023-07-22T11:57:00: undefined
2023-07-22T11:57:04: [0mGET / [36m304 [0m3088.143 ms - -[0m
2023-07-22T11:57:04: [0mGET /javascripts/script.js [36m304 [0m3.185 ms - -[0m
2023-07-22T11:57:07: []
2023-07-22T11:57:07: [0mGET /final [32m200 [0m42.775 ms - 9100[0m
2023-07-22T11:57:07: [0mGET /javascripts/script.js [36m304 [0m3.551 ms - -[0m
2023-07-22T11:57:09: [0mGET /finish [36m302 [0m45.675 ms - 46[0m
2023-07-22T11:57:09: undefined
2023-07-22T11:57:09: [0mGET / [36m304 [0m125.882 ms - -[0m
2023-07-22T11:57:09: [0mGET /javascripts/script.js [36m304 [0m3.989 ms - -[0m
2023-07-22T11:57:13: [0mGET /genarateList [0m- [0m- ms - -[0m
2023-07-28T09:12:00: Fri, 28 Jul 2023 03:42:00 GMT express-session deprecated undefined resave option; provide resave option at app.js:23:9
2023-07-28T09:12:00: Fri, 28 Jul 2023 03:42:00 GMT express-session deprecated undefined resave option; provide resave option at app.js:23:9
2023-07-28T09:12:00: Fri, 28 Jul 2023 03:42:00 GMT express-session deprecated undefined resave option; provide resave option at app.js:23:9
2023-07-28T09:12:00: Fri, 28 Jul 2023 03:42:00 GMT express-session deprecated undefined saveUninitialized option; provide saveUninitialized option at app.js:23:9
2023-07-28T09:12:00: Fri, 28 Jul 2023 03:42:00 GMT express-session deprecated undefined saveUninitialized option; provide saveUninitialized option at app.js:23:9
2023-07-28T09:12:00: Fri, 28 Jul 2023 03:42:00 GMT express-session deprecated undefined saveUninitialized option; provide saveUninitialized option at app.js:23:9
2023-07-28T09:12:02:  Connected to Database
2023-07-28T09:12:02:  Connected to Database
2023-07-28T09:12:03:  Connected to Database
